KEEP,CATA,CATB,CATC,WORKFLOW_NAME,WORKFLOW_DISPLAYNAME,WORKFLOW_TYPE,ENABLED,GENERATE_ALERT,HAS_OVERRIDE,CATEGORY,WORKFLOW_MP_NAME,WORKFLOW_MP_DISPLAYNAME,WORKFLOW_MP_FRIENDLYNAME,WORKFLOW_MP_VERSION,WORKFLOW_MP_KEYTOKEN,CLASS_NAME,CLASS_DISPLAYNAME,CLASS_MP_NAME,CLASS_MP_DISPLAYNAME,CLASS_MP_FRIENDLYNAME,CLASS_MP_VERSION,CLASS_MP_KEYTOKEN,DATASOURCE,CLASSIFICATION,ALERT_NAME,ALERT_PRIORITY,ALERT_SEVERITY,MONITOR_TYPE,DESCRIPTION
no,,,,Microsoft.Windows.Server.2012.R2.OperatingSystem.CheckingFileSystemOccuredOnStartup.Collection,Checking File System Occurred on Startup,Rule,TRUE,FALSE,FALSE,EventCollection,Microsoft.Windows.Server.2012.R2.Monitoring,Windows Server 2012 R2 Operating System (Monitoring),Microsoft Windows Server 2012 R2 Monitoring MP,6.0.7326.0,31bf3856ad364e35,Microsoft.Windows.Server.2012.R2.OperatingSystem,Windows Server 2012 R2 Operating System,Microsoft.Windows.Server.2012.R2.Discovery,Windows Server 2012 R2 Operating System (Discovery),Microsoft Windows Server 2012 R2 Discovery MP,6.0.7326.0,31bf3856ad364e35,Microsoft.Windows.EventProvider,,,,,NA,This event indicates that the system ran a chkdsk on startup
no,,,,Microsoft.Windows.Server.2012.R2.OperatingSystem.CleanShutdown.Collection,Collection Rule for Windows Clean Restart Events for Windows Server 2012 R2,Rule,TRUE,FALSE,FALSE,EventCollection,Microsoft.Windows.Server.2012.R2.Monitoring,Windows Server 2012 R2 Operating System (Monitoring),Microsoft Windows Server 2012 R2 Monitoring MP,6.0.7326.0,31bf3856ad364e35,Microsoft.Windows.Server.2012.R2.OperatingSystem,Windows Server 2012 R2 Operating System,Microsoft.Windows.Server.2012.R2.Discovery,Windows Server 2012 R2 Operating System (Discovery),Microsoft Windows Server 2012 R2 Discovery MP,6.0.7326.0,31bf3856ad364e35,Microsoft.Windows.EventProvider,,,,,NA,This rule collects the events indicating a clean Windows shutdown.
ignore,,,,Microsoft.Windows.Server.2012.R2.OperatingSystem.DirtyShutdown.Collection,Collection Rule for Windows Dirty Shutdown Events for Windows Server 2012 R2,Rule,TRUE,FALSE,FALSE,EventCollection,Microsoft.Windows.Server.2012.R2.Monitoring,Windows Server 2012 R2 Operating System (Monitoring),Microsoft Windows Server 2012 R2 Monitoring MP,6.0.7326.0,31bf3856ad364e35,Microsoft.Windows.Server.2012.R2.OperatingSystem,Windows Server 2012 R2 Operating System,Microsoft.Windows.Server.2012.R2.Discovery,Windows Server 2012 R2 Operating System (Discovery),Microsoft Windows Server 2012 R2 Discovery MP,6.0.7326.0,31bf3856ad364e35,Microsoft.Windows.EventProvider,,,,,NA,This rule collects events indicating a dirty Windows shutdown.
ignore,,,,Microsoft.Windows.Server.2012.R2.OperatingSystem.MemoryPercentCommittedBytesInUse.Collection,Memory % Committed Bytes in Use Windows Server 2012 R2,Rule,FALSE,FALSE,FALSE,PerformanceCollection,Microsoft.Windows.Server.2012.R2.Monitoring,Windows Server 2012 R2 Operating System (Monitoring),Microsoft Windows Server 2012 R2 Monitoring MP,6.0.7326.0,31bf3856ad364e35,Microsoft.Windows.Server.2012.R2.OperatingSystem,Windows Server 2012 R2 Operating System,Microsoft.Windows.Server.2012.R2.Discovery,Windows Server 2012 R2 Operating System (Discovery),Microsoft Windows Server 2012 R2 Discovery MP,6.0.7326.0,31bf3856ad364e35,System.Performance.OptimizedDataProvider,,,,,NA,Collects the performance counter Memory\% Committed Bytes in Use
ignore,,,,Microsoft.Windows.Server.2012.R2.OperatingSystem.MemoryAvailableMBytes.Collection,Memory Available Megabytes Windows Server 2012 R2,Rule,TRUE,FALSE,FALSE,PerformanceCollection,Microsoft.Windows.Server.2012.R2.Monitoring,Windows Server 2012 R2 Operating System (Monitoring),Microsoft Windows Server 2012 R2 Monitoring MP,6.0.7326.0,31bf3856ad364e35,Microsoft.Windows.Server.2012.R2.OperatingSystem,Windows Server 2012 R2 Operating System,Microsoft.Windows.Server.2012.R2.Discovery,Windows Server 2012 R2 Operating System (Discovery),Microsoft Windows Server 2012 R2 Discovery MP,6.0.7326.0,31bf3856ad364e35,System.Performance.OptimizedDataProvider,,,,,NA,Collects the performance counter Memory\Available MBytes
ignore,,,,Microsoft.Windows.Server.2012.R2.OperatingSystem.MemoryPageReadsPerSec.Collection,Memory Page Reads per Second Windows Server 2012 R2,Rule,FALSE,FALSE,FALSE,PerformanceCollection,Microsoft.Windows.Server.2012.R2.Monitoring,Windows Server 2012 R2 Operating System (Monitoring),Microsoft Windows Server 2012 R2 Monitoring MP,6.0.7326.0,31bf3856ad364e35,Microsoft.Windows.Server.2012.R2.OperatingSystem,Windows Server 2012 R2 Operating System,Microsoft.Windows.Server.2012.R2.Discovery,Windows Server 2012 R2 Operating System (Discovery),Microsoft Windows Server 2012 R2 Discovery MP,6.0.7326.0,31bf3856ad364e35,System.Performance.OptimizedDataProvider,,,,,NA,Collects the performance counter Memory\Page Reads/Sec.
ignore,,,,Microsoft.Windows.Server.2012.R2.OperatingSystem.MemoryPageWritesPerSec.Collection,Memory Page Writes per Second Windows Server 2012 R2,Rule,FALSE,FALSE,FALSE,PerformanceCollection,Microsoft.Windows.Server.2012.R2.Monitoring,Windows Server 2012 R2 Operating System (Monitoring),Microsoft Windows Server 2012 R2 Monitoring MP,6.0.7326.0,31bf3856ad364e35,Microsoft.Windows.Server.2012.R2.OperatingSystem,Windows Server 2012 R2 Operating System,Microsoft.Windows.Server.2012.R2.Discovery,Windows Server 2012 R2 Operating System (Discovery),Microsoft Windows Server 2012 R2 Discovery MP,6.0.7326.0,31bf3856ad364e35,System.Performance.OptimizedDataProvider,,,,,NA,Collects the performance counter Memory\Page Writes/Sec.
ignore,,,,Microsoft.Windows.Server.2012.R2.OperatingSystem.MemoryPagesPerSec.Collection,Memory Pages per Second Windows Server 2012 R2,Rule,TRUE,FALSE,FALSE,PerformanceCollection,Microsoft.Windows.Server.2012.R2.Monitoring,Windows Server 2012 R2 Operating System (Monitoring),Microsoft Windows Server 2012 R2 Monitoring MP,6.0.7326.0,31bf3856ad364e35,Microsoft.Windows.Server.2012.R2.OperatingSystem,Windows Server 2012 R2 Operating System,Microsoft.Windows.Server.2012.R2.Discovery,Windows Server 2012 R2 Operating System (Discovery),Microsoft Windows Server 2012 R2 Discovery MP,6.0.7326.0,31bf3856ad364e35,System.Performance.OptimizedDataProvider,,,,,NA,Collects the performance counter Memory\Pages Reads/Sec.
ignore,,,,Microsoft.Windows.Server.2012.R2.OperatingSystem.MemoryPoolNonPagedBytes.Collection,Memory Pool Non-paged Bytes Windows Server 2012 R2,Rule,TRUE,FALSE,FALSE,PerformanceCollection,Microsoft.Windows.Server.2012.R2.Monitoring,Windows Server 2012 R2 Operating System (Monitoring),Microsoft Windows Server 2012 R2 Monitoring MP,6.0.7326.0,31bf3856ad364e35,Microsoft.Windows.Server.2012.R2.OperatingSystem,Windows Server 2012 R2 Operating System,Microsoft.Windows.Server.2012.R2.Discovery,Windows Server 2012 R2 Operating System (Discovery),Microsoft Windows Server 2012 R2 Discovery MP,6.0.7326.0,31bf3856ad364e35,System.Performance.OptimizedDataProvider,,,,,NA,Collects the performance counter Memory\Pool Nonpaged Bytes
ignore,,,,Microsoft.Windows.Server.2012.R2.OperatingSystem.MemoryPoolPagedBytes.Collection,Memory Pool Paged Bytes Windows Server 2012 R2,Rule,TRUE,FALSE,FALSE,PerformanceCollection,Microsoft.Windows.Server.2012.R2.Monitoring,Windows Server 2012 R2 Operating System (Monitoring),Microsoft Windows Server 2012 R2 Monitoring MP,6.0.7326.0,31bf3856ad364e35,Microsoft.Windows.Server.2012.R2.OperatingSystem,Windows Server 2012 R2 Operating System,Microsoft.Windows.Server.2012.R2.Discovery,Windows Server 2012 R2 Operating System (Discovery),Microsoft Windows Server 2012 R2 Discovery MP,6.0.7326.0,31bf3856ad364e35,System.Performance.OptimizedDataProvider,,,,,NA,Collects the performance counter Memory\Pool Paged Bytes
ignore,,,,Microsoft.Windows.Server.2012.R2.OperatingSystem.PageFilePercentUsage.Collection,Page File Percentage Use Windows Server 2012 R2,Rule,FALSE,FALSE,FALSE,PerformanceCollection,Microsoft.Windows.Server.2012.R2.Monitoring,Windows Server 2012 R2 Operating System (Monitoring),Microsoft Windows Server 2012 R2 Monitoring MP,6.0.7326.0,31bf3856ad364e35,Microsoft.Windows.Server.2012.R2.OperatingSystem,Windows Server 2012 R2 Operating System,Microsoft.Windows.Server.2012.R2.Discovery,Windows Server 2012 R2 Operating System (Discovery),Microsoft Windows Server 2012 R2 Discovery MP,6.0.7326.0,31bf3856ad364e35,System.Performance.OptimizedDataProvider,,,,,NA,Collection rule for the performance counter Paging File\% Usage
ignore,,,,Microsoft.Windows.Server.2012.R2.OperatingSystem.TotalPercentProcessorTime.Collection,Processor Information % Processor Time Total Windows Server 2012 R2,Rule,TRUE,FALSE,FALSE,PerformanceCollection,Microsoft.Windows.Server.2012.R2.Monitoring,Windows Server 2012 R2 Operating System (Monitoring),Microsoft Windows Server 2012 R2 Monitoring MP,6.0.7326.0,31bf3856ad364e35,Microsoft.Windows.Server.2012.R2.OperatingSystem,Windows Server 2012 R2 Operating System,Microsoft.Windows.Server.2012.R2.Discovery,Windows Server 2012 R2 Operating System (Discovery),Microsoft Windows Server 2012 R2 Discovery MP,6.0.7326.0,31bf3856ad364e35,System.Performance.OptimizedDataProvider,,,,,NA,Collects the performance counter Processor information\% Processor Time
ignore,,,,Microsoft.Windows.Server.2012.R2.OperatingSystem.SystemContextSwitchesPerSec.Collection,System Context Switches per Second Windows Server 2012 R2,Rule,FALSE,FALSE,FALSE,PerformanceCollection,Microsoft.Windows.Server.2012.R2.Monitoring,Windows Server 2012 R2 Operating System (Monitoring),Microsoft Windows Server 2012 R2 Monitoring MP,6.0.7326.0,31bf3856ad364e35,Microsoft.Windows.Server.2012.R2.OperatingSystem,Windows Server 2012 R2 Operating System,Microsoft.Windows.Server.2012.R2.Discovery,Windows Server 2012 R2 Operating System (Discovery),Microsoft Windows Server 2012 R2 Discovery MP,6.0.7326.0,31bf3856ad364e35,System.Performance.OptimizedDataProvider,,,,,NA,Collection rule for the performance counter System\Context Switches/sec
ignore,,,,Microsoft.Windows.Server.2012.R2.OperatingSystem.SystemProcessorQueueLength.Collection,System Processor Queue Length Windows Server 2012 R2,Rule,TRUE,FALSE,FALSE,PerformanceCollection,Microsoft.Windows.Server.2012.R2.Monitoring,Windows Server 2012 R2 Operating System (Monitoring),Microsoft Windows Server 2012 R2 Monitoring MP,6.0.7326.0,31bf3856ad364e35,Microsoft.Windows.Server.2012.R2.OperatingSystem,Windows Server 2012 R2 Operating System,Microsoft.Windows.Server.2012.R2.Discovery,Windows Server 2012 R2 Operating System (Discovery),Microsoft Windows Server 2012 R2 Discovery MP,6.0.7326.0,31bf3856ad364e35,System.Performance.OptimizedDataProvider,,,,,NA,Collection rule for the performance counter System\Processor Queue Length.
ignore,,,,Microsoft.Windows.Server.2012.R2.OperatingSystem.TotalPercentDPCTime.Collection,Total Processor Information % DPC Time Windows Server 2012 R2,Rule,FALSE,FALSE,FALSE,PerformanceCollection,Microsoft.Windows.Server.2012.R2.Monitoring,Windows Server 2012 R2 Operating System (Monitoring),Microsoft Windows Server 2012 R2 Monitoring MP,6.0.7326.0,31bf3856ad364e35,Microsoft.Windows.Server.2012.R2.OperatingSystem,Windows Server 2012 R2 Operating System,Microsoft.Windows.Server.2012.R2.Discovery,Windows Server 2012 R2 Operating System (Discovery),Microsoft Windows Server 2012 R2 Discovery MP,6.0.7326.0,31bf3856ad364e35,System.Performance.OptimizedDataProvider,,,,,NA,Collects the performance counter Processor Information\% DPC Time
ignore,,,,Microsoft.Windows.Server.2012.R2.OperatingSystem.TotalPercentInterruptTime.Collection,Total Processor Information % Interrupt Time Windows Server 2012 R2,Rule,FALSE,FALSE,FALSE,PerformanceCollection,Microsoft.Windows.Server.2012.R2.Monitoring,Windows Server 2012 R2 Operating System (Monitoring),Microsoft Windows Server 2012 R2 Monitoring MP,6.0.7326.0,31bf3856ad364e35,Microsoft.Windows.Server.2012.R2.OperatingSystem,Windows Server 2012 R2 Operating System,Microsoft.Windows.Server.2012.R2.Discovery,Windows Server 2012 R2 Operating System (Discovery),Microsoft Windows Server 2012 R2 Discovery MP,6.0.7326.0,31bf3856ad364e35,System.Performance.OptimizedDataProvider,,,,,NA,Collects the performance counter Processor Information\% Interrupt Time
ignore,,,,Microsoft.Windows.Server.2012.R2.OperatingSystem.MemoryCacheBytes.Collection,Windows Server 2012 R2 Cache Bytes,Rule,FALSE,FALSE,FALSE,PerformanceCollection,Microsoft.Windows.Server.2012.R2.Monitoring,Windows Server 2012 R2 Operating System (Monitoring),Microsoft Windows Server 2012 R2 Monitoring MP,6.0.7326.0,31bf3856ad364e35,Microsoft.Windows.Server.2012.R2.OperatingSystem,Windows Server 2012 R2 Operating System,Microsoft.Windows.Server.2012.R2.Discovery,Windows Server 2012 R2 Operating System (Discovery),Microsoft Windows Server 2012 R2 Discovery MP,6.0.7326.0,31bf3856ad364e35,System.Performance.OptimizedDataProvider,,,,,NA,Collects the performance counter Memory\Cache Bytes
ignore,,,,Microsoft.Windows.Server.2012.R2.CacheDataMapHitsPercent.Collection,Windows Server 2012 R2 Cache Data Map Hits Percent,Rule,FALSE,FALSE,FALSE,PerformanceCollection,Microsoft.Windows.Server.2012.R2.Monitoring,Windows Server 2012 R2 Operating System (Monitoring),Microsoft Windows Server 2012 R2 Monitoring MP,6.0.7326.0,31bf3856ad364e35,Microsoft.Windows.Server.2012.R2.OperatingSystem,Windows Server 2012 R2 Operating System,Microsoft.Windows.Server.2012.R2.Discovery,Windows Server 2012 R2 Operating System (Discovery),Microsoft Windows Server 2012 R2 Discovery MP,6.0.7326.0,31bf3856ad364e35,System.Performance.OptimizedDataProvider,,,,,NA,Collects the performance counter Memory\Data Map Hits %
ignore,,,,Microsoft.Windows.Server.2012.R2.OperatingSystem.MemoryCommitLimit.Collection,Windows Server 2012 R2 Commit Limit,Rule,FALSE,FALSE,FALSE,PerformanceCollection,Microsoft.Windows.Server.2012.R2.Monitoring,Windows Server 2012 R2 Operating System (Monitoring),Microsoft Windows Server 2012 R2 Monitoring MP,6.0.7326.0,31bf3856ad364e35,Microsoft.Windows.Server.2012.R2.OperatingSystem,Windows Server 2012 R2 Operating System,Microsoft.Windows.Server.2012.R2.Discovery,Windows Server 2012 R2 Operating System (Discovery),Microsoft Windows Server 2012 R2 Discovery MP,6.0.7326.0,31bf3856ad364e35,System.Performance.OptimizedDataProvider,,,,,NA,Collects the performance counter Memory\Commit limit
ignore,,,,Microsoft.Windows.Server.2012.R2.OperatingSystem.MemoryCommittedBytes.Collection,Windows Server 2012 R2 Committed Bytes,Rule,FALSE,FALSE,FALSE,PerformanceCollection,Microsoft.Windows.Server.2012.R2.Monitoring,Windows Server 2012 R2 Operating System (Monitoring),Microsoft Windows Server 2012 R2 Monitoring MP,6.0.7326.0,31bf3856ad364e35,Microsoft.Windows.Server.2012.R2.OperatingSystem,Windows Server 2012 R2 Operating System,Microsoft.Windows.Server.2012.R2.Discovery,Windows Server 2012 R2 Operating System (Discovery),Microsoft Windows Server 2012 R2 Discovery MP,6.0.7326.0,31bf3856ad364e35,System.Performance.OptimizedDataProvider,,,,,NA,Collects the performance counter Memory\Committed Bytes
no,,,,Microsoft.Windows.Server.2012.R2.MemoryFreeSystemPageTableEntries.Collection,Windows Server 2012 R2 Free System Page Table Entries,Rule,TRUE,FALSE,FALSE,PerformanceCollection,Microsoft.Windows.Server.2012.R2.Monitoring,Windows Server 2012 R2 Operating System (Monitoring),Microsoft Windows Server 2012 R2 Monitoring MP,6.0.7326.0,31bf3856ad364e35,Microsoft.Windows.Server.2012.R2.OperatingSystem,Windows Server 2012 R2 Operating System,Microsoft.Windows.Server.2012.R2.Discovery,Windows Server 2012 R2 Operating System (Discovery),Microsoft Windows Server 2012 R2 Discovery MP,6.0.7326.0,31bf3856ad364e35,System.Performance.OptimizedDataProvider,,,,,NA,Collects the performance counter Memory\Free System Page Table Entries
ignore,,,,Microsoft.Windows.Server.2012.R2.OperatingSystem.MemoryPagesInputPerSec.Collection,Windows Server 2012 R2 Pages Input Per Second,Rule,FALSE,FALSE,FALSE,PerformanceCollection,Microsoft.Windows.Server.2012.R2.Monitoring,Windows Server 2012 R2 Operating System (Monitoring),Microsoft Windows Server 2012 R2 Monitoring MP,6.0.7326.0,31bf3856ad364e35,Microsoft.Windows.Server.2012.R2.OperatingSystem,Windows Server 2012 R2 Operating System,Microsoft.Windows.Server.2012.R2.Discovery,Windows Server 2012 R2 Operating System (Discovery),Microsoft Windows Server 2012 R2 Discovery MP,6.0.7326.0,31bf3856ad364e35,System.Performance.OptimizedDataProvider,,,,,NA,Collects the performance counter Memory\Pages Input/sec
ignore,,,,Microsoft.Windows.Server.2012.R2.OperatingSystem.MemoryPagesOutputPerSec.Collection,Windows Server 2012 R2 Pages Output Per Second,Rule,FALSE,FALSE,FALSE,PerformanceCollection,Microsoft.Windows.Server.2012.R2.Monitoring,Windows Server 2012 R2 Operating System (Monitoring),Microsoft Windows Server 2012 R2 Monitoring MP,6.0.7326.0,31bf3856ad364e35,Microsoft.Windows.Server.2012.R2.OperatingSystem,Windows Server 2012 R2 Operating System,Microsoft.Windows.Server.2012.R2.Discovery,Windows Server 2012 R2 Operating System (Discovery),Microsoft Windows Server 2012 R2 Discovery MP,6.0.7326.0,31bf3856ad364e35,System.Performance.OptimizedDataProvider,,,,,NA,Collects the performance counter Memory\Pages Output/sec
ignore,,,,Microsoft.Windows.Server.2012.R2.OperatingSystem.MemoryPoolPagedResidentBytes.Collection,Windows Server 2012 R2 Pool Paged Resident Bytes,Rule,FALSE,FALSE,FALSE,PerformanceCollection,Microsoft.Windows.Server.2012.R2.Monitoring,Windows Server 2012 R2 Operating System (Monitoring),Microsoft Windows Server 2012 R2 Monitoring MP,6.0.7326.0,31bf3856ad364e35,Microsoft.Windows.Server.2012.R2.OperatingSystem,Windows Server 2012 R2 Operating System,Microsoft.Windows.Server.2012.R2.Discovery,Windows Server 2012 R2 Operating System (Discovery),Microsoft Windows Server 2012 R2 Discovery MP,6.0.7326.0,31bf3856ad364e35,System.Performance.OptimizedDataProvider,,,,,NA,Collects the performance counter Memory\Pool Paged Resident Bytes
ignore,,,,Microsoft.Windows.Server.2012.R2.OperatingSystem.MemorySystemCacheResidentBytes.Collection,Windows Server 2012 R2 System Cache Resident Bytes,Rule,FALSE,FALSE,FALSE,PerformanceCollection,Microsoft.Windows.Server.2012.R2.Monitoring,Windows Server 2012 R2 Operating System (Monitoring),Microsoft Windows Server 2012 R2 Monitoring MP,6.0.7326.0,31bf3856ad364e35,Microsoft.Windows.Server.2012.R2.OperatingSystem,Windows Server 2012 R2 Operating System,Microsoft.Windows.Server.2012.R2.Discovery,Windows Server 2012 R2 Operating System (Discovery),Microsoft Windows Server 2012 R2 Discovery MP,6.0.7326.0,31bf3856ad364e35,System.Performance.OptimizedDataProvider,,,,,NA,Collects the performance counter Memory\System Cache Resident Bytes
