KEEP,CATA,CATB,CATC,WORKFLOW_NAME,WORKFLOW_DISPLAYNAME,WORKFLOW_TYPE,ENABLED,GENERATE_ALERT,HAS_OVERRIDE,CATEGORY,WORKFLOW_MP_NAME,WORKFLOW_MP_DISPLAYNAME,WORKFLOW_MP_FRIENDLYNAME,WORKFLOW_MP_VERSION,WORKFLOW_MP_KEYTOKEN,CLASS_NAME,CLASS_DISPLAYNAME,CLASS_MP_NAME,CLASS_MP_DISPLAYNAME,CLASS_MP_FRIENDLYNAME,CLASS_MP_VERSION,CLASS_MP_KEYTOKEN,DATASOURCE,CLASSIFICATION,ALERT_NAME,ALERT_PRIORITY,ALERT_SEVERITY,MONITOR_TYPE,DESCRIPTION
no,,,,Microsoft.Windows.Cluster.EnableOverrideForVirtualServer,Windows Cluster Virtual Server enable override,Rule,TRUE,FALSE,FALSE,Operations,Microsoft.Windows.Cluster.Library,Windows Cluster Library,Windows Cluster Management,7.0.8437.17,31bf3856ad364e35,Microsoft.Windows.Cluster.Service.ForVirtualServer,Windows Cluster Service (For Virtual Server),Microsoft.Windows.Cluster.Library,Windows Cluster Library,Windows Cluster Management,7.0.8437.17,31bf3856ad364e35,Microsoft.Windows.Cluster.VirtualServerStateProvider,,,,,NA,This rule enables monitoring of Windows Cluster Virtual Server instance.
no,,,,Microsoft.Windows.Cluster.DisableOverrideForVirtualServer,Windows Cluster Virtual Server disable override,Rule,TRUE,FALSE,FALSE,Operations,Microsoft.Windows.Cluster.Library,Windows Cluster Library,Windows Cluster Management,7.0.8437.17,31bf3856ad364e35,Microsoft.Windows.Cluster.Service.ForVirtualServer,Windows Cluster Service (For Virtual Server),Microsoft.Windows.Cluster.Library,Windows Cluster Library,Windows Cluster Management,7.0.8437.17,31bf3856ad364e35,Microsoft.Windows.Cluster.VirtualServerStateProvider,,,,,NA,This rule disables monitoring of Windows Cluster Virtual Server instance.
no,,,,Microsoft.Windows.Cluster.State.Connect.Monitor,Cluster state connect functionality monitor,Monitor,TRUE,TRUE,FALSE,AvailabilityHealth,Microsoft.Windows.Cluster.Library,Windows Cluster Library,Windows Cluster Management,7.0.8437.17,31bf3856ad364e35,Microsoft.Windows.Cluster.Service.ForVirtualServer,Windows Cluster Service (For Virtual Server),Microsoft.Windows.Cluster.Library,Windows Cluster Library,Windows Cluster Management,7.0.8437.17,31bf3856ad364e35,NA,UnitMonitor,Cluster State Connect Status Unhealthy,High,Warning,Microsoft.Windows.3SingleEventLog3StateUnitMonitorType,Checks for result of attempted connection to local cluster while waiting for state notifications.
no,,,,Microsoft.Windows.Cluster.Discovery.Connect.Monitor,Cluster discovery connect functionality monitor,Monitor,TRUE,TRUE,TRUE,AvailabilityHealth,Microsoft.Windows.Cluster.Library,Windows Cluster Library,Windows Cluster Management,7.0.8437.17,31bf3856ad364e35,Microsoft.Windows.Cluster.Service.ForVirtualServer,Windows Cluster Service (For Virtual Server),Microsoft.Windows.Cluster.Library,Windows Cluster Library,Windows Cluster Management,7.0.8437.17,31bf3856ad364e35,NA,UnitMonitor,Cluster Discovery Connect Status Unhealthy,High,Warning,Microsoft.Windows.3SingleEventLog3StateUnitMonitorType,Checks for result of attempted connection to local cluster while performing discovery.
ignore,,,,Microsoft.Windows.Cluster.Service.ForVirtualServer.Discovery,Windows Cluster Service (For Virtual Server) Discovery,Discovery,FALSE,NA,TRUE,Discovery,Microsoft.Windows.Cluster.Library,Windows Cluster Library,Windows Cluster Management,7.0.8437.17,31bf3856ad364e35,Microsoft.Windows.Cluster.Service,Windows Cluster Service,Microsoft.Windows.Cluster.Library,Windows Cluster Library,Windows Cluster Management,7.0.8437.17,31bf3856ad364e35,DiscoveryDataSource,NA,NA,NA,NA,NA,This rule discovers cluster service used to discover instances of Windows Cluster Virtual Server.
ignore,,,,Microsoft.Windows.Cluster.Service.Discovery,Windows Cluster Service Discovery,Discovery,TRUE,NA,FALSE,Discovery,Microsoft.Windows.Cluster.Library,Windows Cluster Library,Windows Cluster Management,7.0.8437.17,31bf3856ad364e35,Microsoft.SystemCenter.HealthService,Health Service,Microsoft.SystemCenter.Library,System Center Core Library,Microsoft System Center Library,7.0.8437.17,31bf3856ad364e35,DiscoveryDataSource,NA,NA,NA,NA,NA,This rule uses WMI query to discover Windows Cluster Service instance.
ignore,,,,Microsoft.Windows.Cluster.Classes.Discovery,Windows Clustering Discovery,Discovery,TRUE,NA,TRUE,Discovery,Microsoft.Windows.Cluster.Library,Windows Cluster Library,Windows Cluster Management,7.0.8437.17,31bf3856ad364e35,Microsoft.Windows.Cluster.Service.ForVirtualServer,Windows Cluster Service (For Virtual Server),Microsoft.Windows.Cluster.Library,Windows Cluster Library,Windows Cluster Management,7.0.8437.17,31bf3856ad364e35,DiscoveryDataSource,NA,NA,NA,NA,NA,This rule uses script to discover all Windows Clustering instances of all types.
