KEEP,CATA,CATB,CATC,WORKFLOW_NAME,WORKFLOW_DISPLAYNAME,WORKFLOW_TYPE,ENABLED,GENERATE_ALERT,HAS_OVERRIDE,CATEGORY,WORKFLOW_MP_NAME,WORKFLOW_MP_DISPLAYNAME,WORKFLOW_MP_FRIENDLYNAME,WORKFLOW_MP_VERSION,WORKFLOW_MP_KEYTOKEN,CLASS_NAME,CLASS_DISPLAYNAME,CLASS_MP_NAME,CLASS_MP_DISPLAYNAME,CLASS_MP_FRIENDLYNAME,CLASS_MP_VERSION,CLASS_MP_KEYTOKEN,DATASOURCE,CLASSIFICATION,ALERT_NAME,ALERT_PRIORITY,ALERT_SEVERITY,MONITOR_TYPE
no,,,,Microsoft.SharePoint.2013.Service_instance_provisioning_failed,Service Instance Provisioning Failed,Rule,TRUE,FALSE,FALSE,EventCollection,Microsoft.SharePoint.Foundation.2013.Monitoring,Microsoft SharePoint Foundation 2013 (Monitoring),Microsoft SharePoint Foundation 2013 (Monitoring),15.0.4557.1000,31bf3856ad364e35,Microsoft.SharePoint.2013.SPServer,SharePoint 2013 Server,Microsoft.SharePoint.Foundation.2013.Discovery,Microsoft SharePoint Foundation 2013 (Discovery),Microsoft SharePoint Foundation 2013 (Discovery),15.0.4557.1000,31bf3856ad364e35,Microsoft.Windows.EventProvider,,,,,NA
no,,,,Microsoft.SharePoint.2013.SharePoint_Administration_service_is_disabled,SharePoint Administration Service Is Disabled,Rule,TRUE,FALSE,FALSE,EventCollection,Microsoft.SharePoint.Foundation.2013.Monitoring,Microsoft SharePoint Foundation 2013 (Monitoring),Microsoft SharePoint Foundation 2013 (Monitoring),15.0.4557.1000,31bf3856ad364e35,Microsoft.SharePoint.2013.SPServiceInstance.Admin,Admin Service In SPServiceInstance 2013,Microsoft.SharePoint.Foundation.2013.Discovery,Microsoft SharePoint Foundation 2013 (Discovery),Microsoft SharePoint Foundation 2013 (Discovery),15.0.4557.1000,31bf3856ad364e35,Microsoft.Windows.EventProvider,,,,,NA
no,,,,Microsoft.SharePoint.2013.Alternate_access_mapping_update_failed,Alternate Access Mapping Update Failed,Rule,TRUE,FALSE,FALSE,EventCollection,Microsoft.SharePoint.Foundation.2013.Monitoring,Microsoft SharePoint Foundation 2013 (Monitoring),Microsoft SharePoint Foundation 2013 (Monitoring),15.0.4557.1000,31bf3856ad364e35,Microsoft.SharePoint.2013.SPServer,SharePoint 2013 Server,Microsoft.SharePoint.Foundation.2013.Discovery,Microsoft SharePoint Foundation 2013 (Discovery),Microsoft SharePoint Foundation 2013 (Discovery),15.0.4557.1000,31bf3856ad364e35,Microsoft.Windows.EventProvider,,,,,NA
no,,,,Microsoft.SharePoint.2013.Unable_to_load_authentication_provider,Unable To Load Authentication Provider,Rule,TRUE,FALSE,FALSE,EventCollection,Microsoft.SharePoint.Foundation.2013.Monitoring,Microsoft SharePoint Foundation 2013 (Monitoring),Microsoft SharePoint Foundation 2013 (Monitoring),15.0.4557.1000,31bf3856ad364e35,Microsoft.SharePoint.2013.SPServer,SharePoint 2013 Server,Microsoft.SharePoint.Foundation.2013.Discovery,Microsoft SharePoint Foundation 2013 (Discovery),Microsoft SharePoint Foundation 2013 (Discovery),15.0.4557.1000,31bf3856ad364e35,Microsoft.Windows.EventProvider,,,,,NA
no,,,,Microsoft.SharePoint.2013.Event_handler_failed_to_load,Event Handler Failed To Load,Rule,TRUE,FALSE,FALSE,EventCollection,Microsoft.SharePoint.Foundation.2013.Monitoring,Microsoft SharePoint Foundation 2013 (Monitoring),Microsoft SharePoint Foundation 2013 (Monitoring),15.0.4557.1000,31bf3856ad364e35,Microsoft.SharePoint.2013.SPServer,SharePoint 2013 Server,Microsoft.SharePoint.Foundation.2013.Discovery,Microsoft SharePoint Foundation 2013 (Discovery),Microsoft SharePoint Foundation 2013 (Discovery),15.0.4557.1000,31bf3856ad364e35,Microsoft.Windows.EventProvider,,,,,NA
no,,,,Microsoft.SharePoint.2013.SPServiceInstance.Usage.CollectUsageTableExceededMaxBytesEvent,Collect Usage table exceeded max bytes limit event,Rule,TRUE,FALSE,FALSE,EventCollection,Microsoft.SharePoint.Foundation.2013.Monitoring,Microsoft SharePoint Foundation 2013 (Monitoring),Microsoft SharePoint Foundation 2013 (Monitoring),15.0.4557.1000,31bf3856ad364e35,Microsoft.SharePoint.2013.SPServiceInstance.Usage,Usage Service In SPServiceInstance 2013,Microsoft.SharePoint.Foundation.2013.Discovery,Microsoft SharePoint Foundation 2013 (Discovery),Microsoft SharePoint Foundation 2013 (Discovery),15.0.4557.1000,31bf3856ad364e35,Microsoft.Windows.EventProvider,,,,,NA
no,,,,Microsoft.SharePoint.2013.Insufficient_SQL_Server_database_permissions,Insufficient SQL Server Database Permissions,Rule,TRUE,FALSE,FALSE,EventCollection,Microsoft.SharePoint.Foundation.2013.Monitoring,Microsoft SharePoint Foundation 2013 (Monitoring),Microsoft SharePoint Foundation 2013 (Monitoring),15.0.4557.1000,31bf3856ad364e35,Microsoft.SharePoint.2013.SPServer,SharePoint 2013 Server,Microsoft.SharePoint.Foundation.2013.Discovery,Microsoft SharePoint Foundation 2013 (Discovery),Microsoft SharePoint Foundation 2013 (Discovery),15.0.4557.1000,31bf3856ad364e35,Microsoft.Windows.EventProvider,,,,,NA
no,,,,Microsoft.SharePoint.2013.Backup_failed_due_to_insufficient_permissions,Backup Failed Due To Insufficient Permissions,Rule,TRUE,FALSE,FALSE,EventCollection,Microsoft.SharePoint.Foundation.2013.Monitoring,Microsoft SharePoint Foundation 2013 (Monitoring),Microsoft SharePoint Foundation 2013 (Monitoring),15.0.4557.1000,31bf3856ad364e35,Microsoft.SharePoint.2013.SPServer,SharePoint 2013 Server,Microsoft.SharePoint.Foundation.2013.Discovery,Microsoft SharePoint Foundation 2013 (Discovery),Microsoft SharePoint Foundation 2013 (Discovery),15.0.4557.1000,31bf3856ad364e35,Microsoft.Windows.EventProvider,,,,,NA
no,,,,Microsoft.SharePoint.2013.Cannot_connect_to_SMTP_host,Cannot Connect To SMTP Host,Rule,TRUE,FALSE,FALSE,EventCollection,Microsoft.SharePoint.Foundation.2013.Monitoring,Microsoft SharePoint Foundation 2013 (Monitoring),Microsoft SharePoint Foundation 2013 (Monitoring),15.0.4557.1000,31bf3856ad364e35,Microsoft.SharePoint.2013.SPServer,SharePoint 2013 Server,Microsoft.SharePoint.Foundation.2013.Discovery,Microsoft SharePoint Foundation 2013 (Discovery),Microsoft SharePoint Foundation 2013 (Discovery),15.0.4557.1000,31bf3856ad364e35,Microsoft.Windows.EventProvider,,,,,NA
no,,,,Microsoft.SharePoint.2013.Failed_to_create_a_SharePoint_site,Failed To Create Site,Rule,TRUE,TRUE,FALSE,EventCollection,Microsoft.SharePoint.Foundation.2013.Monitoring,Microsoft SharePoint Foundation 2013 (Monitoring),Microsoft SharePoint Foundation 2013 (Monitoring),15.0.4557.1000,31bf3856ad364e35,Microsoft.SharePoint.2013.SPServer,SharePoint 2013 Server,Microsoft.SharePoint.Foundation.2013.Discovery,Microsoft SharePoint Foundation 2013 (Discovery),Microsoft SharePoint Foundation 2013 (Discovery),15.0.4557.1000,31bf3856ad364e35,Microsoft.Windows.EventProvider,,SharePoint: Failed To Create Site,Medium,Warning,NA
no,,,,Microsoft.SharePoint.2013.SPServer_ThrottlingState,Server Is About To Enter Into Throttling State,Rule,TRUE,FALSE,FALSE,EventCollection,Microsoft.SharePoint.Foundation.2013.Monitoring,Microsoft SharePoint Foundation 2013 (Monitoring),Microsoft SharePoint Foundation 2013 (Monitoring),15.0.4557.1000,31bf3856ad364e35,Microsoft.SharePoint.2013.SPServer,SharePoint 2013 Server,Microsoft.SharePoint.Foundation.2013.Discovery,Microsoft SharePoint Foundation 2013 (Discovery),Microsoft SharePoint Foundation 2013 (Discovery),15.0.4557.1000,31bf3856ad364e35,Microsoft.Windows.EventProvider,,,,,NA
no,,,,Microsoft.SharePoint.2013.Insufficient_permissions_to_write_to_the_configuration_data_cache,Insufficient Permissions To Write To The Configuration Data Cache,Rule,TRUE,FALSE,FALSE,EventCollection,Microsoft.SharePoint.Foundation.2013.Monitoring,Microsoft SharePoint Foundation 2013 (Monitoring),Microsoft SharePoint Foundation 2013 (Monitoring),15.0.4557.1000,31bf3856ad364e35,Microsoft.SharePoint.2013.SPServer,SharePoint 2013 Server,Microsoft.SharePoint.Foundation.2013.Discovery,Microsoft SharePoint Foundation 2013 (Discovery),Microsoft SharePoint Foundation 2013 (Discovery),15.0.4557.1000,31bf3856ad364e35,Microsoft.Windows.EventProvider,,,,,NA
no,,,,Microsoft.SharePoint.2013.Access_denied_for_writing_to_registry,Access Denied For Writing To Registry,Rule,TRUE,FALSE,FALSE,EventCollection,Microsoft.SharePoint.Foundation.2013.Monitoring,Microsoft SharePoint Foundation 2013 (Monitoring),Microsoft SharePoint Foundation 2013 (Monitoring),15.0.4557.1000,31bf3856ad364e35,Microsoft.SharePoint.2013.SPServer,SharePoint 2013 Server,Microsoft.SharePoint.Foundation.2013.Discovery,Microsoft SharePoint Foundation 2013 (Discovery),Microsoft SharePoint Foundation 2013 (Discovery),15.0.4557.1000,31bf3856ad364e35,Microsoft.Windows.EventProvider,,,,,NA
no,,,,Microsoft.SharePoint.2013.Access_denied_for_writing_to_disk,Access Denied For Writing To Disk,Rule,TRUE,FALSE,FALSE,EventCollection,Microsoft.SharePoint.Foundation.2013.Monitoring,Microsoft SharePoint Foundation 2013 (Monitoring),Microsoft SharePoint Foundation 2013 (Monitoring),15.0.4557.1000,31bf3856ad364e35,Microsoft.SharePoint.2013.SPServer,SharePoint 2013 Server,Microsoft.SharePoint.Foundation.2013.Discovery,Microsoft SharePoint Foundation 2013 (Discovery),Microsoft SharePoint Foundation 2013 (Discovery),15.0.4557.1000,31bf3856ad364e35,Microsoft.Windows.EventProvider,,,,,NA
no,,,,Microsoft.SharePoint.2013.EventReceiverFailed,Event Receiver Failed,Rule,TRUE,FALSE,FALSE,EventCollection,Microsoft.SharePoint.Foundation.2013.Monitoring,Microsoft SharePoint Foundation 2013 (Monitoring),Microsoft SharePoint Foundation 2013 (Monitoring),15.0.4557.1000,31bf3856ad364e35,Microsoft.SharePoint.2013.SPServer,SharePoint 2013 Server,Microsoft.SharePoint.Foundation.2013.Discovery,Microsoft SharePoint Foundation 2013 (Discovery),Microsoft SharePoint Foundation 2013 (Discovery),15.0.4557.1000,31bf3856ad364e35,Microsoft.Windows.EventProvider,,,,,NA
no,,,,Microsoft.SharePoint.2013.Responsetime,Page Response Time,Rule,TRUE,FALSE,FALSE,PerformanceCollection,Microsoft.SharePoint.Foundation.2013.Monitoring,Microsoft SharePoint Foundation 2013 (Monitoring),Microsoft SharePoint Foundation 2013 (Monitoring),15.0.4557.1000,31bf3856ad364e35,Microsoft.SharePoint.2013.SPServer,SharePoint 2013 Server,Microsoft.SharePoint.Foundation.2013.Discovery,Microsoft SharePoint Foundation 2013 (Discovery),Microsoft SharePoint Foundation 2013 (Discovery),15.0.4557.1000,31bf3856ad364e35,System.Performance.OptimizedDataProvider,,,,,NA
no,,,,Microsoft.SharePoint.2013.SQL_Server_database_login_failed,SQL Server Database Login Failed,Rule,TRUE,FALSE,FALSE,EventCollection,Microsoft.SharePoint.Foundation.2013.Monitoring,Microsoft SharePoint Foundation 2013 (Monitoring),Microsoft SharePoint Foundation 2013 (Monitoring),15.0.4557.1000,31bf3856ad364e35,Microsoft.SharePoint.2013.SPServer,SharePoint 2013 Server,Microsoft.SharePoint.Foundation.2013.Discovery,Microsoft SharePoint Foundation 2013 (Discovery),Microsoft SharePoint Foundation 2013 (Discovery),15.0.4557.1000,31bf3856ad364e35,Microsoft.Windows.EventProvider,,,,,NA
no,,,,Microsoft.SharePoint.2013.IncomingMail_ListsCannotReceiveEmail,SharePoint Lists Cannot Receive Email Rule,Rule,TRUE,FALSE,FALSE,EventCollection,Microsoft.SharePoint.Foundation.2013.Monitoring,Microsoft SharePoint Foundation 2013 (Monitoring),Microsoft SharePoint Foundation 2013 (Monitoring),15.0.4557.1000,31bf3856ad364e35,Microsoft.SharePoint.2013.SPServiceInstance.IncomingMail,Incoming E-Mail Service In SPServiceInstance 2013,Microsoft.SharePoint.Foundation.2013.Discovery,Microsoft SharePoint Foundation 2013 (Discovery),Microsoft SharePoint Foundation 2013 (Discovery),15.0.4557.1000,31bf3856ad364e35,Microsoft.Windows.EventProvider,,,,,NA
no,,,,Microsoft.SharePoint.2013.Cannot_connect_to_SQL_Server,Cannot Connect To SQL Server,Rule,TRUE,FALSE,FALSE,EventCollection,Microsoft.SharePoint.Foundation.2013.Monitoring,Microsoft SharePoint Foundation 2013 (Monitoring),Microsoft SharePoint Foundation 2013 (Monitoring),15.0.4557.1000,31bf3856ad364e35,Microsoft.SharePoint.2013.SPServer,SharePoint 2013 Server,Microsoft.SharePoint.Foundation.2013.Discovery,Microsoft SharePoint Foundation 2013 (Discovery),Microsoft SharePoint Foundation 2013 (Discovery),15.0.4557.1000,31bf3856ad364e35,Microsoft.Windows.EventProvider,,,,,NA
no,,,,Microsoft.SharePoint.2013.IncomingMail_STMPServiceIsNotRunning,Windows SMTP Service Is Not Running Rule,Rule,TRUE,FALSE,FALSE,EventCollection,Microsoft.SharePoint.Foundation.2013.Monitoring,Microsoft SharePoint Foundation 2013 (Monitoring),Microsoft SharePoint Foundation 2013 (Monitoring),15.0.4557.1000,31bf3856ad364e35,Microsoft.SharePoint.2013.SPServiceInstance.IncomingMail,Incoming E-Mail Service In SPServiceInstance 2013,Microsoft.SharePoint.Foundation.2013.Discovery,Microsoft SharePoint Foundation 2013 (Discovery),Microsoft SharePoint Foundation 2013 (Discovery),15.0.4557.1000,31bf3856ad364e35,Microsoft.Windows.EventProvider,,,,,NA
no,,,,Microsoft.SharePoint.2013.Exception_in_execute_method_of_job_definition,Exception In Execute Method Of Job Definition,Rule,TRUE,FALSE,FALSE,EventCollection,Microsoft.SharePoint.Foundation.2013.Monitoring,Microsoft SharePoint Foundation 2013 (Monitoring),Microsoft SharePoint Foundation 2013 (Monitoring),15.0.4557.1000,31bf3856ad364e35,Microsoft.SharePoint.2013.SPServiceInstance.Timer,Timer Service In SPServiceInstance 2013,Microsoft.SharePoint.Foundation.2013.Discovery,Microsoft SharePoint Foundation 2013 (Discovery),Microsoft SharePoint Foundation 2013 (Discovery),15.0.4557.1000,31bf3856ad364e35,Microsoft.Windows.EventProvider,,,,,NA
no,,,,Microsoft.SharePoint.2013.IncomingMail_CannotDeliverEmail,Mail Service Cannot Deliver Email Rule,Rule,TRUE,FALSE,FALSE,EventCollection,Microsoft.SharePoint.Foundation.2013.Monitoring,Microsoft SharePoint Foundation 2013 (Monitoring),Microsoft SharePoint Foundation 2013 (Monitoring),15.0.4557.1000,31bf3856ad364e35,Microsoft.SharePoint.2013.SPServiceInstance.IncomingMail,Incoming E-Mail Service In SPServiceInstance 2013,Microsoft.SharePoint.Foundation.2013.Discovery,Microsoft SharePoint Foundation 2013 (Discovery),Microsoft SharePoint Foundation 2013 (Discovery),15.0.4557.1000,31bf3856ad364e35,Microsoft.Windows.EventProvider,,,,,NA
no,,,,Microsoft.SharePoint.2013.SQL_Server_database_is_full,SQL Server Database Is Full,Rule,TRUE,FALSE,FALSE,EventCollection,Microsoft.SharePoint.Foundation.2013.Monitoring,Microsoft SharePoint Foundation 2013 (Monitoring),Microsoft SharePoint Foundation 2013 (Monitoring),15.0.4557.1000,31bf3856ad364e35,Microsoft.SharePoint.2013.SPServer,SharePoint 2013 Server,Microsoft.SharePoint.Foundation.2013.Discovery,Microsoft SharePoint Foundation 2013 (Discovery),Microsoft SharePoint Foundation 2013 (Discovery),15.0.4557.1000,31bf3856ad364e35,Microsoft.Windows.EventProvider,,,,,NA
no,,,,Microsoft.SharePoint.2013.Unable_to_write_to_trace_log,Unable To Write To Trace Log,Rule,TRUE,FALSE,FALSE,EventCollection,Microsoft.SharePoint.Foundation.2013.Monitoring,Microsoft SharePoint Foundation 2013 (Monitoring),Microsoft SharePoint Foundation 2013 (Monitoring),15.0.4557.1000,31bf3856ad364e35,Microsoft.SharePoint.2013.SPServiceInstance.Trace,Trace In SPServiceInstance 2013,Microsoft.SharePoint.Foundation.2013.Discovery,Microsoft SharePoint Foundation 2013 (Discovery),Microsoft SharePoint Foundation 2013 (Discovery),15.0.4557.1000,31bf3856ad364e35,Microsoft.Windows.EventProvider,,,,,NA
no,,,,Microsoft.SharePoint.2013.The_Active_Directory_organization_unit_registered_in_Windows,The Active Directory Organization Unit Registered In SharePoint Foundation Does Not Exist,Rule,TRUE,FALSE,FALSE,EventCollection,Microsoft.SharePoint.Foundation.2013.Monitoring,Microsoft SharePoint Foundation 2013 (Monitoring),Microsoft SharePoint Foundation 2013 (Monitoring),15.0.4557.1000,31bf3856ad364e35,Microsoft.SharePoint.2013.SPServer,SharePoint 2013 Server,Microsoft.SharePoint.Foundation.2013.Discovery,Microsoft SharePoint Foundation 2013 (Discovery),Microsoft SharePoint Foundation 2013 (Discovery),15.0.4557.1000,31bf3856ad364e35,Microsoft.Windows.EventProvider,,,,,NA
no,,,,Microsoft.SharePoint.2013.TimerJobToUpdateCentralAdminFailed,Timer Job To Update Central Admin Failed,Rule,TRUE,FALSE,FALSE,EventCollection,Microsoft.SharePoint.Foundation.2013.Monitoring,Microsoft SharePoint Foundation 2013 (Monitoring),Microsoft SharePoint Foundation 2013 (Monitoring),15.0.4557.1000,31bf3856ad364e35,Microsoft.SharePoint.2013.SPServer,SharePoint 2013 Server,Microsoft.SharePoint.Foundation.2013.Discovery,Microsoft SharePoint Foundation 2013 (Discovery),Microsoft SharePoint Foundation 2013 (Discovery),15.0.4557.1000,31bf3856ad364e35,Microsoft.Windows.EventProvider,,,,,NA
no,,,,Microsoft.SharePoint.2013.The_application_pool_account_has_insufficient_permissions_to_add_user_accounts_to_Active_Directory,The Application Pool Account Has Insufficient Permissions To Add User Accounts To Active Directory,Rule,TRUE,FALSE,FALSE,EventCollection,Microsoft.SharePoint.Foundation.2013.Monitoring,Microsoft SharePoint Foundation 2013 (Monitoring),Microsoft SharePoint Foundation 2013 (Monitoring),15.0.4557.1000,31bf3856ad364e35,Microsoft.SharePoint.2013.SPServer,SharePoint 2013 Server,Microsoft.SharePoint.Foundation.2013.Discovery,Microsoft SharePoint Foundation 2013 (Discovery),Microsoft SharePoint Foundation 2013 (Discovery),15.0.4557.1000,31bf3856ad364e35,Microsoft.Windows.EventProvider,,,,,NA
no,,,,Microsoft.SharePoint.2013.Backup_failed_due_to_timer_job_failure,Backup Failed Due To Timer Job Failure,Rule,TRUE,FALSE,FALSE,EventCollection,Microsoft.SharePoint.Foundation.2013.Monitoring,Microsoft SharePoint Foundation 2013 (Monitoring),Microsoft SharePoint Foundation 2013 (Monitoring),15.0.4557.1000,31bf3856ad364e35,Microsoft.SharePoint.2013.SPServiceInstance.Timer,Timer Service In SPServiceInstance 2013,Microsoft.SharePoint.Foundation.2013.Discovery,Microsoft SharePoint Foundation 2013 (Discovery),Microsoft SharePoint Foundation 2013 (Discovery),15.0.4557.1000,31bf3856ad364e35,Microsoft.Windows.EventProvider,,,,,NA
no,,,,Microsoft.SharePoint.2013.Cannot_resolve_name_of_the_outbound_SMTP_server,Cannot Resolve Name Of The Outbound SMTP Server,Rule,TRUE,FALSE,FALSE,EventCollection,Microsoft.SharePoint.Foundation.2013.Monitoring,Microsoft SharePoint Foundation 2013 (Monitoring),Microsoft SharePoint Foundation 2013 (Monitoring),15.0.4557.1000,31bf3856ad364e35,Microsoft.SharePoint.2013.SPServer,SharePoint 2013 Server,Microsoft.SharePoint.Foundation.2013.Discovery,Microsoft SharePoint Foundation 2013 (Discovery),Microsoft SharePoint Foundation 2013 (Discovery),15.0.4557.1000,31bf3856ad364e35,Microsoft.Windows.EventProvider,,,,,NA
no,,,,Microsoft.SharePoint.2013.The_application_pool_account_must_be_registered_as_a_Kerberos,The Application Pool Account Must Be Registered As A Kerberos Service Provider,Rule,TRUE,TRUE,FALSE,EventCollection,Microsoft.SharePoint.Foundation.2013.Monitoring,Microsoft SharePoint Foundation 2013 (Monitoring),Microsoft SharePoint Foundation 2013 (Monitoring),15.0.4557.1000,31bf3856ad364e35,Microsoft.SharePoint.2013.SPServer,SharePoint 2013 Server,Microsoft.SharePoint.Foundation.2013.Discovery,Microsoft SharePoint Foundation 2013 (Discovery),Microsoft SharePoint Foundation 2013 (Discovery),15.0.4557.1000,31bf3856ad364e35,Microsoft.Windows.EventProvider,,SharePoint: Web Application Invalid Application Pool Account,Medium,Warning,NA
no,,,,Microsoft.SharePoint.2013.An_error_occurred_while_communicating_with_the_SMTP_server,An Error Occurred While Communicating With The SMTP Server,Rule,TRUE,FALSE,FALSE,EventCollection,Microsoft.SharePoint.Foundation.2013.Monitoring,Microsoft SharePoint Foundation 2013 (Monitoring),Microsoft SharePoint Foundation 2013 (Monitoring),15.0.4557.1000,31bf3856ad364e35,Microsoft.SharePoint.2013.SPServer,SharePoint 2013 Server,Microsoft.SharePoint.Foundation.2013.Discovery,Microsoft SharePoint Foundation 2013 (Discovery),Microsoft SharePoint Foundation 2013 (Discovery),15.0.4557.1000,31bf3856ad364e35,Microsoft.Windows.EventProvider,,,,,NA
ignore,,,,Microsoft.SharePoint.2013.SPServiceInstance.Timer.IsRunning,Timer Service Is Not Running,Monitor,TRUE,TRUE,FALSE,AvailabilityHealth,Microsoft.SharePoint.Foundation.2013.Monitoring,Microsoft SharePoint Foundation 2013 (Monitoring),Microsoft SharePoint Foundation 2013 (Monitoring),15.0.4557.1000,31bf3856ad364e35,Microsoft.SharePoint.2013.SPServiceInstance.Timer,Timer Service In SPServiceInstance 2013,Microsoft.SharePoint.Foundation.2013.Discovery,Microsoft SharePoint Foundation 2013 (Discovery),Microsoft SharePoint Foundation 2013 (Discovery),15.0.4557.1000,31bf3856ad364e35,NA,UnitMonitor,SharePoint: Timer Service Is Not Running,Medium,Critical,Microsoft.SharePoint.DelayedCheckNTServiceStateMonitorType
ignore,,,,Microsoft.SharePoint.2013.SPServer.DatabaseFull,Database Full,Monitor,TRUE,TRUE,FALSE,ConfigurationHealth,Microsoft.SharePoint.Foundation.2013.Monitoring,Microsoft SharePoint Foundation 2013 (Monitoring),Microsoft SharePoint Foundation 2013 (Monitoring),15.0.4557.1000,31bf3856ad364e35,Microsoft.SharePoint.2013.SPServer,SharePoint 2013 Server,Microsoft.SharePoint.Foundation.2013.Discovery,Microsoft SharePoint Foundation 2013 (Discovery),Microsoft SharePoint Foundation 2013 (Discovery),15.0.4557.1000,31bf3856ad364e35,NA,UnitMonitor,SharePoint: SQL Database Full,High,Critical,Microsoft.Windows.SingleEventLogManualReset2StateMonitorType
no,,,,Microsoft.SharePoint.2013.SPHARuleMonitor.Security,SPHA Security Rule Monitor,Monitor,TRUE,TRUE,FALSE,SecurityHealth,Microsoft.SharePoint.Foundation.2013.Monitoring,Microsoft SharePoint Foundation 2013 (Monitoring),Microsoft SharePoint Foundation 2013 (Monitoring),15.0.4557.1000,31bf3856ad364e35,Microsoft.SharePoint.2013.SPHARule.Security,SPHA Security Rule 2013,Microsoft.SharePoint.Foundation.2013.Discovery,Microsoft SharePoint Foundation 2013 (Discovery),Microsoft SharePoint Foundation 2013 (Discovery),15.0.4557.1000,31bf3856ad364e35,NA,UnitMonitor,SharePoint: SPHA Security Rule Monitor Detects Failure,Medium,Critical,Microsoft.SharePoint.2013.MonitorType.SPHARule
ignore,,,,Microsoft.SharePoint.2013.SPServiceInstance.IncomingMail.CannotDeliverEmail,Mail Service Cannot Deliver Email,Monitor,TRUE,FALSE,FALSE,AvailabilityHealth,Microsoft.SharePoint.Foundation.2013.Monitoring,Microsoft SharePoint Foundation 2013 (Monitoring),Microsoft SharePoint Foundation 2013 (Monitoring),15.0.4557.1000,31bf3856ad364e35,Microsoft.SharePoint.2013.SPServiceInstance.IncomingMail,Incoming E-Mail Service In SPServiceInstance 2013,Microsoft.SharePoint.Foundation.2013.Discovery,Microsoft SharePoint Foundation 2013 (Discovery),Microsoft SharePoint Foundation 2013 (Discovery),15.0.4557.1000,31bf3856ad364e35,NA,UnitMonitor,,,,Microsoft.Windows.SingleEventLogManualReset2StateMonitorType
ignore,,,,Microsoft.SharePoint.2013.SPHARuleMonitor.SPServer.Availability,SPHA Availability Rule Monitor On SPServer,Monitor,TRUE,FALSE,FALSE,AvailabilityHealth,Microsoft.SharePoint.Foundation.2013.Monitoring,Microsoft SharePoint Foundation 2013 (Monitoring),Microsoft SharePoint Foundation 2013 (Monitoring),15.0.4557.1000,31bf3856ad364e35,Microsoft.SharePoint.2013.SPServer,SharePoint 2013 Server,Microsoft.SharePoint.Foundation.2013.Discovery,Microsoft SharePoint Foundation 2013 (Discovery),Microsoft SharePoint Foundation 2013 (Discovery),15.0.4557.1000,31bf3856ad364e35,NA,UnitMonitor,,,,Microsoft.SharePoint.2013.MonitorType.SPHARule.SPServer
ignore,,,,Microsoft.SharePoint.2013.SPServiceInstance.SecurityToken.ClaimNoLocalSigningCertificate,Security Token Service Signing Certificate Is Missing,Monitor,TRUE,TRUE,FALSE,AvailabilityHealth,Microsoft.SharePoint.Foundation.2013.Monitoring,Microsoft SharePoint Foundation 2013 (Monitoring),Microsoft SharePoint Foundation 2013 (Monitoring),15.0.4557.1000,31bf3856ad364e35,Microsoft.SharePoint.2013.SPServiceInstance.SecurityToken,SecurityToken Service Instance 2013,Microsoft.SharePoint.Foundation.2013.Discovery,Microsoft SharePoint Foundation 2013 (Discovery),Microsoft SharePoint Foundation 2013 (Discovery),15.0.4557.1000,31bf3856ad364e35,NA,UnitMonitor,SharePoint: Security Token Service Certificate Is Missing,Medium,Critical,Microsoft.Windows.SingleEventLogManualReset2StateMonitorType
no,,,,Microsoft.SharePoint.2013.SPService.BusinessDataConnectivityService.BDCWebServiceProxyGenerationException,Business Data Connectivity Web Service Backend Connectivity Exception,Monitor,TRUE,TRUE,FALSE,AvailabilityHealth,Microsoft.SharePoint.Foundation.2013.Monitoring,Microsoft SharePoint Foundation 2013 (Monitoring),Microsoft SharePoint Foundation 2013 (Monitoring),15.0.4557.1000,31bf3856ad364e35,Microsoft.SharePoint.2013.SPServiceInstance.BDC,Business Data Connectivity Service Instance 2013,Microsoft.SharePoint.Foundation.2013.Discovery,Microsoft SharePoint Foundation 2013 (Discovery),Microsoft SharePoint Foundation 2013 (Discovery),15.0.4557.1000,31bf3856ad364e35,NA,UnitMonitor,SharePoint: Business Data Connectivity Web Service Backend Connectivity Exception,High,Critical,Microsoft.Windows.SingleEventLogManualReset2StateMonitorType
ignore,,,,Microsoft.SharePoint.2013.SPServer.ULSTraceLogReachingMaxStorage,Trace Log Reaching Max Storage,Monitor,TRUE,FALSE,FALSE,AvailabilityHealth,Microsoft.SharePoint.Foundation.2013.Monitoring,Microsoft SharePoint Foundation 2013 (Monitoring),Microsoft SharePoint Foundation 2013 (Monitoring),15.0.4557.1000,31bf3856ad364e35,Microsoft.SharePoint.2013.SPServiceInstance.Trace,Trace In SPServiceInstance 2013,Microsoft.SharePoint.Foundation.2013.Discovery,Microsoft SharePoint Foundation 2013 (Discovery),Microsoft SharePoint Foundation 2013 (Discovery),15.0.4557.1000,31bf3856ad364e35,NA,UnitMonitor,,,,Microsoft.Windows.SingleEventLogTimer2StateMonitorType
no,,,,Microsoft.SharePoint.2013.SPService.BusinessDataConnectivityService.BDCServiceSQLException,Business Data Connectivity Metadata Database Exception,Monitor,TRUE,TRUE,FALSE,AvailabilityHealth,Microsoft.SharePoint.Foundation.2013.Monitoring,Microsoft SharePoint Foundation 2013 (Monitoring),Microsoft SharePoint Foundation 2013 (Monitoring),15.0.4557.1000,31bf3856ad364e35,Microsoft.SharePoint.2013.SPServiceInstance.BDC,Business Data Connectivity Service Instance 2013,Microsoft.SharePoint.Foundation.2013.Discovery,Microsoft SharePoint Foundation 2013 (Discovery),Microsoft SharePoint Foundation 2013 (Discovery),15.0.4557.1000,31bf3856ad364e35,NA,UnitMonitor,SharePoint: Business Data Connectivity Service Application Database Exception Occurred,High,Critical,Microsoft.Windows.SingleEventLogManualReset2StateMonitorType
ignore,,,,Microsoft.SharePoint.2013.SPServer.UnacceptableResponseTime,Unacceptable Response Time,Monitor,TRUE,FALSE,FALSE,PerformanceHealth,Microsoft.SharePoint.Foundation.2013.Monitoring,Microsoft SharePoint Foundation 2013 (Monitoring),Microsoft SharePoint Foundation 2013 (Monitoring),15.0.4557.1000,31bf3856ad364e35,Microsoft.SharePoint.2013.SPServer,SharePoint 2013 Server,Microsoft.SharePoint.Foundation.2013.Discovery,Microsoft SharePoint Foundation 2013 (Discovery),Microsoft SharePoint Foundation 2013 (Discovery),15.0.4557.1000,31bf3856ad364e35,NA,UnitMonitor,,,,System.Performance.ConsecutiveSamplesThreshold
no,,,,Microsoft.SharePoint.2013.SPServer.ULSNotEnoughStorageForLogDirectory,Not Enough Free Space For Usage Log,Monitor,TRUE,TRUE,FALSE,AvailabilityHealth,Microsoft.SharePoint.Foundation.2013.Monitoring,Microsoft SharePoint Foundation 2013 (Monitoring),Microsoft SharePoint Foundation 2013 (Monitoring),15.0.4557.1000,31bf3856ad364e35,Microsoft.SharePoint.2013.SPServiceInstance.Trace,Trace In SPServiceInstance 2013,Microsoft.SharePoint.Foundation.2013.Discovery,Microsoft SharePoint Foundation 2013 (Discovery),Microsoft SharePoint Foundation 2013 (Discovery),15.0.4557.1000,31bf3856ad364e35,NA,UnitMonitor,SharePoint: Not Enough Free Space For Usage Log,High,Critical,Microsoft.Windows.SingleEventLogManualReset2StateMonitorType
ignore,,,,Microsoft.SharePoint.2013.SPServer.ServerNotFound,SQL Server Not Found,Monitor,TRUE,TRUE,FALSE,AvailabilityHealth,Microsoft.SharePoint.Foundation.2013.Monitoring,Microsoft SharePoint Foundation 2013 (Monitoring),Microsoft SharePoint Foundation 2013 (Monitoring),15.0.4557.1000,31bf3856ad364e35,Microsoft.SharePoint.2013.SPServer,SharePoint 2013 Server,Microsoft.SharePoint.Foundation.2013.Discovery,Microsoft SharePoint Foundation 2013 (Discovery),Microsoft SharePoint Foundation 2013 (Discovery),15.0.4557.1000,31bf3856ad364e35,NA,UnitMonitor,SharePoint: SQL Server Not found,High,Critical,Microsoft.Windows.SingleEventLogTimer2StateMonitorType
no,,,,Microsoft.SharePoint.2013.SPService.BusinessDataConnectivityService.BDCDatabaseAdapterConnectionException,Business Data Connectivity Database Backend Connectivity Exception,Monitor,TRUE,TRUE,FALSE,AvailabilityHealth,Microsoft.SharePoint.Foundation.2013.Monitoring,Microsoft SharePoint Foundation 2013 (Monitoring),Microsoft SharePoint Foundation 2013 (Monitoring),15.0.4557.1000,31bf3856ad364e35,Microsoft.SharePoint.2013.SPServiceInstance.BDC,Business Data Connectivity Service Instance 2013,Microsoft.SharePoint.Foundation.2013.Discovery,Microsoft SharePoint Foundation 2013 (Discovery),Microsoft SharePoint Foundation 2013 (Discovery),15.0.4557.1000,31bf3856ad364e35,NA,UnitMonitor,SharePoint: Business Data Connectivity Database Backend Connectivity Exception,High,Critical,Microsoft.Windows.SingleEventLogManualReset2StateMonitorType
ignore,,,,Microsoft.SharePoint.2013.SPServiceInstance.SecurityToken.ClaimProviderError,Claims Auth Provider Exception Error,Monitor,TRUE,FALSE,FALSE,AvailabilityHealth,Microsoft.SharePoint.Foundation.2013.Monitoring,Microsoft SharePoint Foundation 2013 (Monitoring),Microsoft SharePoint Foundation 2013 (Monitoring),15.0.4557.1000,31bf3856ad364e35,Microsoft.SharePoint.2013.SPServiceInstance.SecurityToken,SecurityToken Service Instance 2013,Microsoft.SharePoint.Foundation.2013.Discovery,Microsoft SharePoint Foundation 2013 (Discovery),Microsoft SharePoint Foundation 2013 (Discovery),15.0.4557.1000,31bf3856ad364e35,NA,UnitMonitor,,,,Microsoft.Windows.SingleEventLogManualReset2StateMonitorType
no,,,,Microsoft.SharePoint.2013.SPService.BusinessDataConnectivityService.BDCProxyUnexpectedException,Business Data Connectivity Service Application Not Accessible,Monitor,TRUE,TRUE,FALSE,AvailabilityHealth,Microsoft.SharePoint.Foundation.2013.Monitoring,Microsoft SharePoint Foundation 2013 (Monitoring),Microsoft SharePoint Foundation 2013 (Monitoring),15.0.4557.1000,31bf3856ad364e35,Microsoft.SharePoint.2013.SPServiceInstance.BDC,Business Data Connectivity Service Instance 2013,Microsoft.SharePoint.Foundation.2013.Discovery,Microsoft SharePoint Foundation 2013 (Discovery),Microsoft SharePoint Foundation 2013 (Discovery),15.0.4557.1000,31bf3856ad364e35,NA,UnitMonitor,SharePoint: Business Data Connectivity Service Application Not Accessible,Medium,Critical,Microsoft.Windows.SingleEventLogManualReset2StateMonitorType
no,,,,Microsoft.SharePoint.2013.SPServiceInstance.Topology.EnumerateSharedServiceApplications,Application Discovery And Load Balancer Service Application Are Not Available,Monitor,TRUE,TRUE,FALSE,AvailabilityHealth,Microsoft.SharePoint.Foundation.2013.Monitoring,Microsoft SharePoint Foundation 2013 (Monitoring),Microsoft SharePoint Foundation 2013 (Monitoring),15.0.4557.1000,31bf3856ad364e35,Microsoft.SharePoint.2013.SPServiceInstance.Topology,Topology In SPServiceInstance 2013,Microsoft.SharePoint.Foundation.2013.Discovery,Microsoft SharePoint Foundation 2013 (Discovery),Microsoft SharePoint Foundation 2013 (Discovery),15.0.4557.1000,31bf3856ad364e35,NA,UnitMonitor,SharePoint: Application Discovery And Load Balancer Service Application Are Not Available,Medium,Critical,Microsoft.Windows.SingleEventLogManualReset2StateMonitorType
ignore,,,,Microsoft.SharePoint.2013.SPHARuleMonitor.Performance,SPHA Performance Rule Monitor,Monitor,TRUE,TRUE,FALSE,PerformanceHealth,Microsoft.SharePoint.Foundation.2013.Monitoring,Microsoft SharePoint Foundation 2013 (Monitoring),Microsoft SharePoint Foundation 2013 (Monitoring),15.0.4557.1000,31bf3856ad364e35,Microsoft.SharePoint.2013.SPHARule.Performance,SPHA Performance Rule 2013,Microsoft.SharePoint.Foundation.2013.Discovery,Microsoft SharePoint Foundation 2013 (Discovery),Microsoft SharePoint Foundation 2013 (Discovery),15.0.4557.1000,31bf3856ad364e35,NA,UnitMonitor,SharePoint: SPHA Performance Rule Monitor Detects Failure,Medium,Critical,Microsoft.SharePoint.2013.MonitorType.SPHARule
no,,,,Microsoft.SharePoint.2013.SPServer.InsufficientPermission,Insufficient Permission,Monitor,TRUE,TRUE,FALSE,SecurityHealth,Microsoft.SharePoint.Foundation.2013.Monitoring,Microsoft SharePoint Foundation 2013 (Monitoring),Microsoft SharePoint Foundation 2013 (Monitoring),15.0.4557.1000,31bf3856ad364e35,Microsoft.SharePoint.2013.SPServer,SharePoint 2013 Server,Microsoft.SharePoint.Foundation.2013.Discovery,Microsoft SharePoint Foundation 2013 (Discovery),Microsoft SharePoint Foundation 2013 (Discovery),15.0.4557.1000,31bf3856ad364e35,NA,UnitMonitor,SharePoint: Insufficient Permission To Connect To The SQL Database,High,Critical,Microsoft.Windows.SingleEventLogManualReset2StateMonitorType
ignore,,,,Microsoft.SharePoint.2013.SPServer.ULSUsageLogReachingMaxStorage,Usage Log Reaching Max Storage,Monitor,TRUE,FALSE,FALSE,AvailabilityHealth,Microsoft.SharePoint.Foundation.2013.Monitoring,Microsoft SharePoint Foundation 2013 (Monitoring),Microsoft SharePoint Foundation 2013 (Monitoring),15.0.4557.1000,31bf3856ad364e35,Microsoft.SharePoint.2013.SPServiceInstance.Trace,Trace In SPServiceInstance 2013,Microsoft.SharePoint.Foundation.2013.Discovery,Microsoft SharePoint Foundation 2013 (Discovery),Microsoft SharePoint Foundation 2013 (Discovery),15.0.4557.1000,31bf3856ad364e35,NA,UnitMonitor,,,,Microsoft.Windows.SingleEventLogTimer2StateMonitorType
no,,,,Microsoft.SharePoint.2013.SPServer.LoginFailed,Login Failed,Monitor,TRUE,TRUE,FALSE,ConfigurationHealth,Microsoft.SharePoint.Foundation.2013.Monitoring,Microsoft SharePoint Foundation 2013 (Monitoring),Microsoft SharePoint Foundation 2013 (Monitoring),15.0.4557.1000,31bf3856ad364e35,Microsoft.SharePoint.2013.SPServer,SharePoint 2013 Server,Microsoft.SharePoint.Foundation.2013.Discovery,Microsoft SharePoint Foundation 2013 (Discovery),Microsoft SharePoint Foundation 2013 (Discovery),15.0.4557.1000,31bf3856ad364e35,NA,UnitMonitor,SharePoint: Unable To Login To Server,High,Critical,Microsoft.SharePoint.RepeatedEventLogManualReset2StateMonitorType
ignore,,,,Microsoft.SharePoint.2013.SPServiceInstance.Trace.IsRunning,Trace Service Is Not Running,Monitor,TRUE,TRUE,FALSE,AvailabilityHealth,Microsoft.SharePoint.Foundation.2013.Monitoring,Microsoft SharePoint Foundation 2013 (Monitoring),Microsoft SharePoint Foundation 2013 (Monitoring),15.0.4557.1000,31bf3856ad364e35,Microsoft.SharePoint.2013.SPServiceInstance.Trace,Trace In SPServiceInstance 2013,Microsoft.SharePoint.Foundation.2013.Discovery,Microsoft SharePoint Foundation 2013 (Discovery),Microsoft SharePoint Foundation 2013 (Discovery),15.0.4557.1000,31bf3856ad364e35,NA,UnitMonitor,SharePoint: Trace Service Is Not Running,High,Critical,Microsoft.SharePoint.DelayedCheckNTServiceStateMonitorType
no,,,,Microsoft.SharePoint.2013.SPServiceInstance.SecurityToken.ClaimCantCreateSigningCredential,Security Token Service Cannot Create Signing Credential,Monitor,TRUE,TRUE,FALSE,AvailabilityHealth,Microsoft.SharePoint.Foundation.2013.Monitoring,Microsoft SharePoint Foundation 2013 (Monitoring),Microsoft SharePoint Foundation 2013 (Monitoring),15.0.4557.1000,31bf3856ad364e35,Microsoft.SharePoint.2013.SPServiceInstance.SecurityToken,SecurityToken Service Instance 2013,Microsoft.SharePoint.Foundation.2013.Discovery,Microsoft SharePoint Foundation 2013 (Discovery),Microsoft SharePoint Foundation 2013 (Discovery),15.0.4557.1000,31bf3856ad364e35,NA,UnitMonitor,SharePoint: Security Token Service Certificate Error,Medium,Critical,Microsoft.Windows.SingleEventLogManualReset2StateMonitorType
ignore,,,,Microsoft.SharePoint.2013.SPWebApplication.Availability,Ping Web Application Failed,Monitor,TRUE,FALSE,FALSE,AvailabilityHealth,Microsoft.SharePoint.Foundation.2013.Monitoring,Microsoft SharePoint Foundation 2013 (Monitoring),Microsoft SharePoint Foundation 2013 (Monitoring),15.0.4557.1000,31bf3856ad364e35,Microsoft.SharePoint.2013.SPWebApplication,WebApplication Service In SPService 2013,Microsoft.SharePoint.Foundation.2013.Discovery,Microsoft SharePoint Foundation 2013 (Discovery),Microsoft SharePoint Foundation 2013 (Discovery),15.0.4557.1000,31bf3856ad364e35,NA,UnitMonitor,,,,Microsoft.SharePoint.2013.UrlAvailabilityMonitorType
ignore,,,,Microsoft.SharePoint.2013.SPServiceInstance.Timer.WSSBackupTimerCreationFailure,SharePoint Timer Service Backup Timer Creation Failure,Monitor,TRUE,FALSE,FALSE,ConfigurationHealth,Microsoft.SharePoint.Foundation.2013.Monitoring,Microsoft SharePoint Foundation 2013 (Monitoring),Microsoft SharePoint Foundation 2013 (Monitoring),15.0.4557.1000,31bf3856ad364e35,Microsoft.SharePoint.2013.SPServiceInstance.Timer,Timer Service In SPServiceInstance 2013,Microsoft.SharePoint.Foundation.2013.Discovery,Microsoft SharePoint Foundation 2013 (Discovery),Microsoft SharePoint Foundation 2013 (Discovery),15.0.4557.1000,31bf3856ad364e35,NA,UnitMonitor,,,,Microsoft.Windows.SingleEventLogTimer2StateMonitorType
no,,,,Microsoft.SharePoint.2013.SPServiceInstance.Timer.ErrorRestarting,Timer Service Restart Failed,Monitor,TRUE,TRUE,FALSE,AvailabilityHealth,Microsoft.SharePoint.Foundation.2013.Monitoring,Microsoft SharePoint Foundation 2013 (Monitoring),Microsoft SharePoint Foundation 2013 (Monitoring),15.0.4557.1000,31bf3856ad364e35,Microsoft.SharePoint.2013.SPServiceInstance.Timer,Timer Service In SPServiceInstance 2013,Microsoft.SharePoint.Foundation.2013.Discovery,Microsoft SharePoint Foundation 2013 (Discovery),Microsoft SharePoint Foundation 2013 (Discovery),15.0.4557.1000,31bf3856ad364e35,NA,UnitMonitor,SharePoint: Timer Service Restart Failed,Medium,Critical,Microsoft.Windows.SingleEventLogTimer2StateMonitorType
ignore,,,,Microsoft.SharePoint.2013.SPHARuleMonitor.SPServer.Configuration,SPHA Configuration Rule Monitor On SPServer,Monitor,TRUE,FALSE,FALSE,ConfigurationHealth,Microsoft.SharePoint.Foundation.2013.Monitoring,Microsoft SharePoint Foundation 2013 (Monitoring),Microsoft SharePoint Foundation 2013 (Monitoring),15.0.4557.1000,31bf3856ad364e35,Microsoft.SharePoint.2013.SPServer,SharePoint 2013 Server,Microsoft.SharePoint.Foundation.2013.Discovery,Microsoft SharePoint Foundation 2013 (Discovery),Microsoft SharePoint Foundation 2013 (Discovery),15.0.4557.1000,31bf3856ad364e35,NA,UnitMonitor,,,,Microsoft.SharePoint.2013.MonitorType.SPHARule.SPServer
ignore,,,,Microsoft.SharePoint.2013.SPSite.Availability,Ping A Site Failed,Monitor,TRUE,FALSE,FALSE,AvailabilityHealth,Microsoft.SharePoint.Foundation.2013.Monitoring,Microsoft SharePoint Foundation 2013 (Monitoring),Microsoft SharePoint Foundation 2013 (Monitoring),15.0.4557.1000,31bf3856ad364e35,Microsoft.SharePoint.2013.SPWebApplication.SPSite,SharePoint 2013 Site,Microsoft.SharePoint.Foundation.2013.Discovery,Microsoft SharePoint Foundation 2013 (Discovery),Microsoft SharePoint Foundation 2013 (Discovery),15.0.4557.1000,31bf3856ad364e35,NA,UnitMonitor,,,,Microsoft.SharePoint.2013.UrlAvailabilityMonitorType
no,,,,Microsoft.SharePoint.2013.SPServer.DatabaseReadOnly,Read Only Database,Monitor,TRUE,TRUE,FALSE,AvailabilityHealth,Microsoft.SharePoint.Foundation.2013.Monitoring,Microsoft SharePoint Foundation 2013 (Monitoring),Microsoft SharePoint Foundation 2013 (Monitoring),15.0.4557.1000,31bf3856ad364e35,Microsoft.SharePoint.2013.SPServer,SharePoint 2013 Server,Microsoft.SharePoint.Foundation.2013.Discovery,Microsoft SharePoint Foundation 2013 (Discovery),Microsoft SharePoint Foundation 2013 (Discovery),15.0.4557.1000,31bf3856ad364e35,NA,UnitMonitor,SharePoint: Database Read Only,High,Critical,Microsoft.Windows.SingleEventLogTimer2StateMonitorType
no,,,,Microsoft.SharePoint.2013.SPSystemTimerJobHost.SPPasswordManagementJobDefinition,Password Management Timer Job Failed,Monitor,TRUE,TRUE,FALSE,AvailabilityHealth,Microsoft.SharePoint.Foundation.2013.Monitoring,Microsoft SharePoint Foundation 2013 (Monitoring),Microsoft SharePoint Foundation 2013 (Monitoring),15.0.4557.1000,31bf3856ad364e35,Microsoft.SharePoint.2013.SPSystemTimerJobHost,System Timer Job Hosting Object 2013,Microsoft.SharePoint.Foundation.2013.Discovery,Microsoft SharePoint Foundation 2013 (Discovery),Microsoft SharePoint Foundation 2013 (Discovery),15.0.4557.1000,31bf3856ad364e35,NA,UnitMonitor,SharePoint: SPPasswordManagementJobDefinition Timer Job Failed,High,Critical,Microsoft.Windows.SingleEventLogTimer2StateMonitorType
no,,,,Microsoft.SharePoint.2013.SPServer.ULSNotEnoughFreeSpace,Not Enough Trace Log Free Space,Monitor,TRUE,TRUE,FALSE,AvailabilityHealth,Microsoft.SharePoint.Foundation.2013.Monitoring,Microsoft SharePoint Foundation 2013 (Monitoring),Microsoft SharePoint Foundation 2013 (Monitoring),15.0.4557.1000,31bf3856ad364e35,Microsoft.SharePoint.2013.SPServiceInstance.Trace,Trace In SPServiceInstance 2013,Microsoft.SharePoint.Foundation.2013.Discovery,Microsoft SharePoint Foundation 2013 (Discovery),Microsoft SharePoint Foundation 2013 (Discovery),15.0.4557.1000,31bf3856ad364e35,NA,UnitMonitor,SharePoint: Not Enough Free Space For Trace Log,High,Critical,Microsoft.Windows.SingleEventLogManualReset2StateMonitorType
no,,,,Microsoft.SharePoint.2013.SPSystemTimerJobHost.SPContentAppPoolCredentialDeploymentJobDefinition,Content Application Pool Credential Deployment Timer Job Failed,Monitor,TRUE,TRUE,FALSE,AvailabilityHealth,Microsoft.SharePoint.Foundation.2013.Monitoring,Microsoft SharePoint Foundation 2013 (Monitoring),Microsoft SharePoint Foundation 2013 (Monitoring),15.0.4557.1000,31bf3856ad364e35,Microsoft.SharePoint.2013.SPSystemTimerJobHost,System Timer Job Hosting Object 2013,Microsoft.SharePoint.Foundation.2013.Discovery,Microsoft SharePoint Foundation 2013 (Discovery),Microsoft SharePoint Foundation 2013 (Discovery),15.0.4557.1000,31bf3856ad364e35,NA,UnitMonitor,SharePoint: SPContentAppPoolCredentialDeploymentJobDefinition Timer Job Failed,High,Critical,Microsoft.Windows.SingleEventLogTimer2StateMonitorType
no,,,,Microsoft.SharePoint.2013.SPSystemTimerJobHost.SPMasterPassphraseDeploymentJobDefinition,Master Passphrase Deployment Timer Job Failed,Monitor,TRUE,TRUE,FALSE,AvailabilityHealth,Microsoft.SharePoint.Foundation.2013.Monitoring,Microsoft SharePoint Foundation 2013 (Monitoring),Microsoft SharePoint Foundation 2013 (Monitoring),15.0.4557.1000,31bf3856ad364e35,Microsoft.SharePoint.2013.SPSystemTimerJobHost,System Timer Job Hosting Object 2013,Microsoft.SharePoint.Foundation.2013.Discovery,Microsoft SharePoint Foundation 2013 (Discovery),Microsoft SharePoint Foundation 2013 (Discovery),15.0.4557.1000,31bf3856ad364e35,NA,UnitMonitor,SharePoint: SPMasterPassphraseDeploymentJobDefinition Timer Job Failed,High,Critical,Microsoft.Windows.SingleEventLogTimer2StateMonitorType
no,,,,Microsoft.SharePoint.2013.SPHARuleMonitor.Configuration,SPHA Configuration Rule Monitor,Monitor,TRUE,TRUE,FALSE,ConfigurationHealth,Microsoft.SharePoint.Foundation.2013.Monitoring,Microsoft SharePoint Foundation 2013 (Monitoring),Microsoft SharePoint Foundation 2013 (Monitoring),15.0.4557.1000,31bf3856ad364e35,Microsoft.SharePoint.2013.SPHARule.Configuration,SPHA Configuration Rule 2013,Microsoft.SharePoint.Foundation.2013.Discovery,Microsoft SharePoint Foundation 2013 (Discovery),Microsoft SharePoint Foundation 2013 (Discovery),15.0.4557.1000,31bf3856ad364e35,NA,UnitMonitor,SharePoint: SPHA Configuration Rule Monitor Detects Failure,Medium,Critical,Microsoft.SharePoint.2013.MonitorType.SPHARule
no,,,,Microsoft.SharePoint.2013.SPSystemTimerJobHost.SPGeneratePasswordJobDefinition,Generate Password Timer Job Failed,Monitor,TRUE,TRUE,FALSE,AvailabilityHealth,Microsoft.SharePoint.Foundation.2013.Monitoring,Microsoft SharePoint Foundation 2013 (Monitoring),Microsoft SharePoint Foundation 2013 (Monitoring),15.0.4557.1000,31bf3856ad364e35,Microsoft.SharePoint.2013.SPSystemTimerJobHost,System Timer Job Hosting Object 2013,Microsoft.SharePoint.Foundation.2013.Discovery,Microsoft SharePoint Foundation 2013 (Discovery),Microsoft SharePoint Foundation 2013 (Discovery),15.0.4557.1000,31bf3856ad364e35,NA,UnitMonitor,SharePoint: SPGeneratePasswordJobDefinition Timer Job Failed,High,Critical,Microsoft.Windows.SingleEventLogTimer2StateMonitorType
no,,,,Microsoft.SharePoint.2013.SPServiceInstance.Topology.GetEndpoints,Service Application Endpoints Are Not Available,Monitor,TRUE,TRUE,FALSE,AvailabilityHealth,Microsoft.SharePoint.Foundation.2013.Monitoring,Microsoft SharePoint Foundation 2013 (Monitoring),Microsoft SharePoint Foundation 2013 (Monitoring),15.0.4557.1000,31bf3856ad364e35,Microsoft.SharePoint.2013.SPServiceInstance.Topology,Topology In SPServiceInstance 2013,Microsoft.SharePoint.Foundation.2013.Discovery,Microsoft SharePoint Foundation 2013 (Discovery),Microsoft SharePoint Foundation 2013 (Discovery),15.0.4557.1000,31bf3856ad364e35,NA,UnitMonitor,SharePoint: Service Application Endpoints Are Not Available,Medium,Critical,Microsoft.Windows.SingleEventLogManualReset2StateMonitorType
ignore,,,,Microsoft.SharePoint.2013.SPHARuleMonitor.SPServer.Performance,SPHA Performance Rule Monitor On SPServer,Monitor,TRUE,FALSE,FALSE,PerformanceHealth,Microsoft.SharePoint.Foundation.2013.Monitoring,Microsoft SharePoint Foundation 2013 (Monitoring),Microsoft SharePoint Foundation 2013 (Monitoring),15.0.4557.1000,31bf3856ad364e35,Microsoft.SharePoint.2013.SPServer,SharePoint 2013 Server,Microsoft.SharePoint.Foundation.2013.Discovery,Microsoft SharePoint Foundation 2013 (Discovery),Microsoft SharePoint Foundation 2013 (Discovery),15.0.4557.1000,31bf3856ad364e35,NA,UnitMonitor,,,,Microsoft.SharePoint.2013.MonitorType.SPHARule.SPServer
ignore,,,,Microsoft.SharePoint.2013.SPServiceInstance.Usage.UsageTableExceededMaxBytes,Usage table exceeded max bytes limit,Monitor,FALSE,TRUE,FALSE,AvailabilityHealth,Microsoft.SharePoint.Foundation.2013.Monitoring,Microsoft SharePoint Foundation 2013 (Monitoring),Microsoft SharePoint Foundation 2013 (Monitoring),15.0.4557.1000,31bf3856ad364e35,Microsoft.SharePoint.2013.SPServiceInstance.Usage,Usage Service In SPServiceInstance 2013,Microsoft.SharePoint.Foundation.2013.Discovery,Microsoft SharePoint Foundation 2013 (Discovery),Microsoft SharePoint Foundation 2013 (Discovery),15.0.4557.1000,31bf3856ad364e35,NA,UnitMonitor,Usage table exceeded max bytes limit,High,Critical,Microsoft.Windows.SingleEventLogTimer2StateMonitorType
no,,,,Microsoft.SharePoint.2013.SPSystemTimerJobHost.SPWindowsServiceCredentialDeploymentJobDefinition,Credential Deployment Timer Job Failed,Monitor,TRUE,TRUE,FALSE,AvailabilityHealth,Microsoft.SharePoint.Foundation.2013.Monitoring,Microsoft SharePoint Foundation 2013 (Monitoring),Microsoft SharePoint Foundation 2013 (Monitoring),15.0.4557.1000,31bf3856ad364e35,Microsoft.SharePoint.2013.SPSystemTimerJobHost,System Timer Job Hosting Object 2013,Microsoft.SharePoint.Foundation.2013.Discovery,Microsoft SharePoint Foundation 2013 (Discovery),Microsoft SharePoint Foundation 2013 (Discovery),15.0.4557.1000,31bf3856ad364e35,NA,UnitMonitor,SharePoint: SPWindowsServiceCredentialDeploymentJobDefinition Timer Job Failed,High,Critical,Microsoft.Windows.SingleEventLogManualReset2StateMonitorType
no,,,,Microsoft.SharePoint.2013.SPServer.DatabaseNotFound,Database Not Found,Monitor,TRUE,TRUE,FALSE,AvailabilityHealth,Microsoft.SharePoint.Foundation.2013.Monitoring,Microsoft SharePoint Foundation 2013 (Monitoring),Microsoft SharePoint Foundation 2013 (Monitoring),15.0.4557.1000,31bf3856ad364e35,Microsoft.SharePoint.2013.SPServer,SharePoint 2013 Server,Microsoft.SharePoint.Foundation.2013.Discovery,Microsoft SharePoint Foundation 2013 (Discovery),Microsoft SharePoint Foundation 2013 (Discovery),15.0.4557.1000,31bf3856ad364e35,NA,UnitMonitor,SharePoint: Database Not Found,High,Critical,Microsoft.Windows.SingleEventLogTimer2StateMonitorType
ignore,,,,Microsoft.SharePoint.2013.SPDatabase.Connection,SQL Database Connection Failed,Monitor,FALSE,TRUE,FALSE,AvailabilityHealth,Microsoft.SharePoint.Foundation.2013.Monitoring,Microsoft SharePoint Foundation 2013 (Monitoring),Microsoft SharePoint Foundation 2013 (Monitoring),15.0.4557.1000,31bf3856ad364e35,Microsoft.SharePoint.SPDatabase,SharePoint Database,Microsoft.SharePoint.Foundation.Library,Microsoft SharePoint Foundation Core Library,Microsoft SharePoint Foundation Core Library,15.0.4557.1000,31bf3856ad364e35,NA,UnitMonitor,SharePoint: Database Connection Failed,High,Critical,Microsoft.SharePoint.2013.OleDbCheckConnectionMonitorType
ignore,,,,Microsoft.SharePoint.2013.SPHARuleMonitor.SPServer.Security,SPHA Security Rule Monitor On SPServer,Monitor,TRUE,FALSE,FALSE,SecurityHealth,Microsoft.SharePoint.Foundation.2013.Monitoring,Microsoft SharePoint Foundation 2013 (Monitoring),Microsoft SharePoint Foundation 2013 (Monitoring),15.0.4557.1000,31bf3856ad364e35,Microsoft.SharePoint.2013.SPServer,SharePoint 2013 Server,Microsoft.SharePoint.Foundation.2013.Discovery,Microsoft SharePoint Foundation 2013 (Discovery),Microsoft SharePoint Foundation 2013 (Discovery),15.0.4557.1000,31bf3856ad364e35,NA,UnitMonitor,,,,Microsoft.SharePoint.2013.MonitorType.SPHARule.SPServer
no,,,,Microsoft.SharePoint.2013.SPSystemTimerJobHost.SPAdminAppPoolCredentialDeploymentJobDefinition,Admin Application Pool Credential Deployment Timer Job Failed,Monitor,TRUE,TRUE,FALSE,AvailabilityHealth,Microsoft.SharePoint.Foundation.2013.Monitoring,Microsoft SharePoint Foundation 2013 (Monitoring),Microsoft SharePoint Foundation 2013 (Monitoring),15.0.4557.1000,31bf3856ad364e35,Microsoft.SharePoint.2013.SPSystemTimerJobHost,System Timer Job Hosting Object 2013,Microsoft.SharePoint.Foundation.2013.Discovery,Microsoft SharePoint Foundation 2013 (Discovery),Microsoft SharePoint Foundation 2013 (Discovery),15.0.4557.1000,31bf3856ad364e35,NA,UnitMonitor,SharePoint: SPAdminAppPoolCredentialDeploymentJobDefinition Timer Job Failed,High,Critical,Microsoft.Windows.SingleEventLogTimer2StateMonitorType
ignore,,,,Microsoft.SharePoint.2013.SPServiceInstance.IncomingMail.ListsCannotReceiveEmail,SharePoint Lists Cannot Receive Email,Monitor,TRUE,FALSE,FALSE,AvailabilityHealth,Microsoft.SharePoint.Foundation.2013.Monitoring,Microsoft SharePoint Foundation 2013 (Monitoring),Microsoft SharePoint Foundation 2013 (Monitoring),15.0.4557.1000,31bf3856ad364e35,Microsoft.SharePoint.2013.SPServiceInstance.IncomingMail,Incoming E-Mail Service In SPServiceInstance 2013,Microsoft.SharePoint.Foundation.2013.Discovery,Microsoft SharePoint Foundation 2013 (Discovery),Microsoft SharePoint Foundation 2013 (Discovery),15.0.4557.1000,31bf3856ad364e35,NA,UnitMonitor,,,,Microsoft.Windows.SingleEventLogManualReset2StateMonitorType
no,,,,Microsoft.SharePoint.2013.SPServiceInstance.SecurityToken.ClaimCantEstablishEndPointForContext,Claims Auth Cannot Establish EndPoint,Monitor,TRUE,TRUE,FALSE,AvailabilityHealth,Microsoft.SharePoint.Foundation.2013.Monitoring,Microsoft SharePoint Foundation 2013 (Monitoring),Microsoft SharePoint Foundation 2013 (Monitoring),15.0.4557.1000,31bf3856ad364e35,Microsoft.SharePoint.2013.SPServiceInstance.SecurityToken,SecurityToken Service Instance 2013,Microsoft.SharePoint.Foundation.2013.Discovery,Microsoft SharePoint Foundation 2013 (Discovery),Microsoft SharePoint Foundation 2013 (Discovery),15.0.4557.1000,31bf3856ad364e35,NA,UnitMonitor,SharePoint: Claims Auth Cannot Establish EndPoint,Medium,Critical,Microsoft.Windows.SingleEventLogManualReset2StateMonitorType
no,,,,Microsoft.SharePoint.2013.SPServer.CanWriteFile,Failed To Write File,Monitor,TRUE,TRUE,FALSE,AvailabilityHealth,Microsoft.SharePoint.Foundation.2013.Monitoring,Microsoft SharePoint Foundation 2013 (Monitoring),Microsoft SharePoint Foundation 2013 (Monitoring),15.0.4557.1000,31bf3856ad364e35,Microsoft.SharePoint.2013.SPServer,SharePoint 2013 Server,Microsoft.SharePoint.Foundation.2013.Discovery,Microsoft SharePoint Foundation 2013 (Discovery),Microsoft SharePoint Foundation 2013 (Discovery),15.0.4557.1000,31bf3856ad364e35,NA,UnitMonitor,SharePoint: Failed To Write File,High,Critical,Microsoft.Windows.SingleEventLogTimer2StateMonitorType
ignore,,,,Microsoft.SharePoint.2013.SPServiceInstance.Admin.IsRunning,Admin Service Is Not Running,Monitor,TRUE,TRUE,FALSE,AvailabilityHealth,Microsoft.SharePoint.Foundation.2013.Monitoring,Microsoft SharePoint Foundation 2013 (Monitoring),Microsoft SharePoint Foundation 2013 (Monitoring),15.0.4557.1000,31bf3856ad364e35,Microsoft.SharePoint.2013.SPServiceInstance.Admin,Admin Service In SPServiceInstance 2013,Microsoft.SharePoint.Foundation.2013.Discovery,Microsoft SharePoint Foundation 2013 (Discovery),Microsoft SharePoint Foundation 2013 (Discovery),15.0.4557.1000,31bf3856ad364e35,NA,UnitMonitor,SharePoint: Admin Service Is Not Running,Medium,Critical,Microsoft.SharePoint.DelayedCheckNTServiceStateMonitorType
ignore,,,,Microsoft.SharePoint.2013.SPHostInstance.SiteCreationFailed,Site Creation Failed,Monitor,TRUE,FALSE,FALSE,AvailabilityHealth,Microsoft.SharePoint.Foundation.2013.Monitoring,Microsoft SharePoint Foundation 2013 (Monitoring),Microsoft SharePoint Foundation 2013 (Monitoring),15.0.4557.1000,31bf3856ad364e35,Microsoft.SharePoint.2013.SPWebApplication.SPHostInstance,SharePoint 2013 Web Application Instance,Microsoft.SharePoint.Foundation.2013.Discovery,Microsoft SharePoint Foundation 2013 (Discovery),Microsoft SharePoint Foundation 2013 (Discovery),15.0.4557.1000,31bf3856ad364e35,NA,UnitMonitor,,,,Microsoft.SharePoint.RepeatedEventLogManualReset2StateMonitorType
ignore,,,,Microsoft.SharePoint.2013.SPHostInstance.InvalidAppPoolAccountForKerberos,SharePoint Web Application Invalid Application Pool Account,Monitor,TRUE,FALSE,FALSE,AvailabilityHealth,Microsoft.SharePoint.Foundation.2013.Monitoring,Microsoft SharePoint Foundation 2013 (Monitoring),Microsoft SharePoint Foundation 2013 (Monitoring),15.0.4557.1000,31bf3856ad364e35,Microsoft.SharePoint.2013.SPWebApplication.SPHostInstance,SharePoint 2013 Web Application Instance,Microsoft.SharePoint.Foundation.2013.Discovery,Microsoft SharePoint Foundation 2013 (Discovery),Microsoft SharePoint Foundation 2013 (Discovery),15.0.4557.1000,31bf3856ad364e35,NA,UnitMonitor,,,,Microsoft.Windows.SingleEventLogManualReset2StateMonitorType
no,,,,Microsoft.SharePoint.2013.SPServiceInstance.UserCode.IsRunning,Sandboxed Code Service Is Not Running,Monitor,TRUE,TRUE,FALSE,AvailabilityHealth,Microsoft.SharePoint.Foundation.2013.Monitoring,Microsoft SharePoint Foundation 2013 (Monitoring),Microsoft SharePoint Foundation 2013 (Monitoring),15.0.4557.1000,31bf3856ad364e35,Microsoft.SharePoint.2013.SPServiceInstance.UserCode,Sandboxed Code Service In SPServiceInstance 2013,Microsoft.SharePoint.Foundation.2013.Discovery,Microsoft SharePoint Foundation 2013 (Discovery),Microsoft SharePoint Foundation 2013 (Discovery),15.0.4557.1000,31bf3856ad364e35,NA,UnitMonitor,SharePoint: Sandboxed Code Service Is Not Running,High,Critical,Microsoft.SharePoint.DelayedCheckNTServiceStateMonitorType
ignore,,,,Microsoft.SharePoint.2013.SPServiceInstance.Usage.UsageDataTimerJobFailed,Usage Service Timer Job Failed,Monitor,TRUE,FALSE,FALSE,AvailabilityHealth,Microsoft.SharePoint.Foundation.2013.Monitoring,Microsoft SharePoint Foundation 2013 (Monitoring),Microsoft SharePoint Foundation 2013 (Monitoring),15.0.4557.1000,31bf3856ad364e35,Microsoft.SharePoint.2013.SPServiceInstance.Usage,Usage Service In SPServiceInstance 2013,Microsoft.SharePoint.Foundation.2013.Discovery,Microsoft SharePoint Foundation 2013 (Discovery),Microsoft SharePoint Foundation 2013 (Discovery),15.0.4557.1000,31bf3856ad364e35,NA,UnitMonitor,,,,Microsoft.Windows.SingleEventLogManualReset2StateMonitorType
no,,,,Microsoft.SharePoint.2013.SPServer.RegistryEntry_Failed,Failed To Write Registry Entry,Monitor,TRUE,TRUE,FALSE,AvailabilityHealth,Microsoft.SharePoint.Foundation.2013.Monitoring,Microsoft SharePoint Foundation 2013 (Monitoring),Microsoft SharePoint Foundation 2013 (Monitoring),15.0.4557.1000,31bf3856ad364e35,Microsoft.SharePoint.2013.SPServer,SharePoint 2013 Server,Microsoft.SharePoint.Foundation.2013.Discovery,Microsoft SharePoint Foundation 2013 (Discovery),Microsoft SharePoint Foundation 2013 (Discovery),15.0.4557.1000,31bf3856ad364e35,NA,UnitMonitor,SharePoint: Failed To Write Registry Entry,High,Critical,Microsoft.Windows.SingleEventLogTimer2StateMonitorType
ignore,,,,Microsoft.SharePoint.2013.SPServiceInstance.Usage.LogDirectoryAccessFailure,Usage Service Unable To Access Log Directory,Monitor,TRUE,FALSE,FALSE,AvailabilityHealth,Microsoft.SharePoint.Foundation.2013.Monitoring,Microsoft SharePoint Foundation 2013 (Monitoring),Microsoft SharePoint Foundation 2013 (Monitoring),15.0.4557.1000,31bf3856ad364e35,Microsoft.SharePoint.2013.SPServiceInstance.Usage,Usage Service In SPServiceInstance 2013,Microsoft.SharePoint.Foundation.2013.Discovery,Microsoft SharePoint Foundation 2013 (Discovery),Microsoft SharePoint Foundation 2013 (Discovery),15.0.4557.1000,31bf3856ad364e35,NA,UnitMonitor,,,,Microsoft.Windows.SingleEventLogManualReset2StateMonitorType
no,,,,Microsoft.SharePoint.2013.SPHARuleMonitor.Custom,SPHA Custom Rule Monitor,Monitor,TRUE,TRUE,FALSE,Custom,Microsoft.SharePoint.Foundation.2013.Monitoring,Microsoft SharePoint Foundation 2013 (Monitoring),Microsoft SharePoint Foundation 2013 (Monitoring),15.0.4557.1000,31bf3856ad364e35,Microsoft.SharePoint.2013.SPHARule.Custom,SPHA Custom Rule 2013,Microsoft.SharePoint.Foundation.2013.Discovery,Microsoft SharePoint Foundation 2013 (Discovery),Microsoft SharePoint Foundation 2013 (Discovery),15.0.4557.1000,31bf3856ad364e35,NA,UnitMonitor,SharePoint: SPHA Custom Rule Monitor Detects Failure,Medium,Critical,Microsoft.SharePoint.2013.MonitorType.SPHARule
ignore,,,,Microsoft.SharePoint.2013.SPServer.Throttling_starts,Throttling Status,Monitor,TRUE,FALSE,FALSE,PerformanceHealth,Microsoft.SharePoint.Foundation.2013.Monitoring,Microsoft SharePoint Foundation 2013 (Monitoring),Microsoft SharePoint Foundation 2013 (Monitoring),15.0.4557.1000,31bf3856ad364e35,Microsoft.SharePoint.2013.SPServer,SharePoint 2013 Server,Microsoft.SharePoint.Foundation.2013.Discovery,Microsoft SharePoint Foundation 2013 (Discovery),Microsoft SharePoint Foundation 2013 (Discovery),15.0.4557.1000,31bf3856ad364e35,NA,UnitMonitor,,,,Microsoft.Windows.2SingleEventLog2StateMonitorType
no,,,,Microsoft.SharePoint.2013.SPHARuleMonitor.Availability,SPHA Availability Rule Monitor,Monitor,TRUE,TRUE,FALSE,AvailabilityHealth,Microsoft.SharePoint.Foundation.2013.Monitoring,Microsoft SharePoint Foundation 2013 (Monitoring),Microsoft SharePoint Foundation 2013 (Monitoring),15.0.4557.1000,31bf3856ad364e35,Microsoft.SharePoint.2013.SPHARule.Availability,SPHA Availability Rule 2013,Microsoft.SharePoint.Foundation.2013.Discovery,Microsoft SharePoint Foundation 2013 (Discovery),Microsoft SharePoint Foundation 2013 (Discovery),15.0.4557.1000,31bf3856ad364e35,NA,UnitMonitor,SharePoint: SPHA Availability Rule Monitor Detects Failure,Medium,Critical,Microsoft.SharePoint.2013.MonitorType.SPHARule
ignore,,,,Microsoft.SharePoint.2013.SPServiceInstance.IncomingMail.STMPServiceIsNotRunning,Windows SMTP Service Is Not Running,Monitor,TRUE,FALSE,FALSE,AvailabilityHealth,Microsoft.SharePoint.Foundation.2013.Monitoring,Microsoft SharePoint Foundation 2013 (Monitoring),Microsoft SharePoint Foundation 2013 (Monitoring),15.0.4557.1000,31bf3856ad364e35,Microsoft.SharePoint.2013.SPServiceInstance.IncomingMail,Incoming E-Mail Service In SPServiceInstance 2013,Microsoft.SharePoint.Foundation.2013.Discovery,Microsoft SharePoint Foundation 2013 (Discovery),Microsoft SharePoint Foundation 2013 (Discovery),15.0.4557.1000,31bf3856ad364e35,NA,UnitMonitor,,,,Microsoft.Windows.SingleEventLogManualReset2StateMonitorType
no,,,,Microsoft.SharePoint.2013.SPServiceInstance.CentralAdmin.ProductHelpLibraryPermission,Product Help Library Site Collection Permission Could Not Refresh,Monitor,TRUE,TRUE,FALSE,ConfigurationHealth,Microsoft.SharePoint.Foundation.2013.Monitoring,Microsoft SharePoint Foundation 2013 (Monitoring),Microsoft SharePoint Foundation 2013 (Monitoring),15.0.4557.1000,31bf3856ad364e35,Microsoft.SharePoint.2013.SPServiceInstance.CentralAdmin,CentralAdmin Service In SPServiceInstance 2013,Microsoft.SharePoint.Foundation.2013.Discovery,Microsoft SharePoint Foundation 2013 (Discovery),Microsoft SharePoint Foundation 2013 (Discovery),15.0.4557.1000,31bf3856ad364e35,NA,UnitMonitor,SharePoint: Product Help Permissions Could Not Refresh,Medium,Critical,Microsoft.Windows.SingleEventLogManualReset2StateMonitorType
ignore,,,,Microsoft.SharePoint.2013.SPHARuleMonitor.SPServer.Custom,SPHA Custom Rule Monitor On SPServer,Monitor,TRUE,FALSE,FALSE,Custom,Microsoft.SharePoint.Foundation.2013.Monitoring,Microsoft SharePoint Foundation 2013 (Monitoring),Microsoft SharePoint Foundation 2013 (Monitoring),15.0.4557.1000,31bf3856ad364e35,Microsoft.SharePoint.2013.SPServer,SharePoint 2013 Server,Microsoft.SharePoint.Foundation.2013.Discovery,Microsoft SharePoint Foundation 2013 (Discovery),Microsoft SharePoint Foundation 2013 (Discovery),15.0.4557.1000,31bf3856ad364e35,NA,UnitMonitor,,,,Microsoft.SharePoint.2013.MonitorType.SPHARule.SPServer
