KEEP,CATA,CATB,CATC,WORKFLOW_NAME,WORKFLOW_DISPLAYNAME,WORKFLOW_TYPE,ENABLED,GENERATE_ALERT,HAS_OVERRIDE,CATEGORY,WORKFLOW_MP_NAME,WORKFLOW_MP_DISPLAYNAME,WORKFLOW_MP_FRIENDLYNAME,WORKFLOW_MP_VERSION,WORKFLOW_MP_KEYTOKEN,CLASS_NAME,CLASS_DISPLAYNAME,CLASS_MP_NAME,CLASS_MP_DISPLAYNAME,CLASS_MP_FRIENDLYNAME,CLASS_MP_VERSION,CLASS_MP_KEYTOKEN,DATASOURCE,CLASSIFICATION,ALERT_NAME,ALERT_PRIORITY,ALERT_SEVERITY,MONITOR_TYPE,DESCRIPTION
no,,,,Microsoft.Windows.DHCPServer.2012.Scope.IPV6.CollectIndividualFreeScopeAddresses,Collect DHCP Server 2012 IPV6 Individual Scopes Free Addresses,Rule,TRUE,FALSE,FALSE,PerformanceCollection,Microsoft.Windows.DHCPServer.2012,Microsoft Windows Server DHCP 2012,Microsoft Windows Server DHCP 2012,6.0.7309.0,31bf3856ad364e35,Microsoft.Windows.DHCPServer.2012.IPv6Scope,DHCP 2012 IPv6 Scope,Microsoft.Windows.DHCPServer.2012,Microsoft Windows Server DHCP 2012,Microsoft Windows Server DHCP 2012,6.0.7309.0,31bf3856ad364e35,Microsoft.Windows.DHCPServer.2012.FilteredIndScopeStats.DS,,,,,NA,Collect the number of free addresses in the scope
no,,,,Microsoft.Windows.DHCPServer.2012.Scope.IPV4.CollectIndividualScopeAddressesInUse,Collect DHCP Server 2012 IPV4 Individual Scopes Addresses In Use,Rule,TRUE,FALSE,FALSE,PerformanceCollection,Microsoft.Windows.DHCPServer.2012,Microsoft Windows Server DHCP 2012,Microsoft Windows Server DHCP 2012,6.0.7309.0,31bf3856ad364e35,Microsoft.Windows.DHCPServer.2012.IPv4Scope,DHCP 2012 IPv4 Scope,Microsoft.Windows.DHCPServer.2012,Microsoft Windows Server DHCP 2012,Microsoft Windows Server DHCP 2012,6.0.7309.0,31bf3856ad364e35,Microsoft.Windows.DHCPServer.2012.FilteredIndScopeStats.DS,,,,,NA,Collect the number of scope addresses in use
no,,,,Microsoft.Windows.DHCPServer.2012.Policy.Rule.ClientPackDrop100Full,DHCP 2012 Client packet dropped Policy 100 Percentage Utilization Rule,Rule,TRUE,TRUE,FALSE,EventCollection,Microsoft.Windows.DHCPServer.2012,Microsoft Windows Server DHCP 2012,Microsoft Windows Server DHCP 2012,6.0.7309.0,31bf3856ad364e35,Microsoft.Windows.DHCPServer.2012.IPv4Scope,DHCP 2012 IPv4 Scope,Microsoft.Windows.DHCPServer.2012,Microsoft Windows Server DHCP 2012,Microsoft Windows Server DHCP 2012,6.0.7309.0,31bf3856ad364e35,Microsoft.Windows.EventProvider,,DHCP 2012 Client packet dropped Policies 100 Percentage Utilization Alert,Medium,Warning,NA,This rule check when Client Packets are dropped based on defined policies for 100 Percentage utilization configured in a DHCP 2012 server
ignore,,,,Microsoft.Windows.DHCPServer.2012.Scope.IPV4.CollectScopeAddressesInUse,(DEPRECATED) Collect DHCP Server 2012 IPV4 Scope Addresses In Use,Rule,FALSE,FALSE,FALSE,PerformanceCollection,Microsoft.Windows.DHCPServer.2012,Microsoft Windows Server DHCP 2012,Microsoft Windows Server DHCP 2012,6.0.7309.0,31bf3856ad364e35,Microsoft.Windows.DHCPServer.2012.Server,Microsoft Windows Server DHCP 2012,Microsoft.Windows.DHCPServer.2012,Microsoft Windows Server DHCP 2012,Microsoft Windows Server DHCP 2012,6.0.7309.0,31bf3856ad364e35,Microsoft.Windows.DHCPServer.2012.FilteredScopeStats.DS,,,,,NA,Collect the number of scope addresses in use
no,,,,Microsoft.Windows.DHCPServer.2012.Policy.Rule.ResidualIPAddressRange100Full,DHCP 2012 Residual IP Address Range Policies 100 Percentage Utilization Rule,Rule,TRUE,TRUE,FALSE,EventCollection,Microsoft.Windows.DHCPServer.2012,Microsoft Windows Server DHCP 2012,Microsoft Windows Server DHCP 2012,6.0.7309.0,31bf3856ad364e35,Microsoft.Windows.DHCPServer.2012.IPv4Scope,DHCP 2012 IPv4 Scope,Microsoft.Windows.DHCPServer.2012,Microsoft Windows Server DHCP 2012,Microsoft Windows Server DHCP 2012,6.0.7309.0,31bf3856ad364e35,Microsoft.Windows.EventProvider,,DHCP 2012 Residual IP Address Range Policies 100 Percentage Utilization Alert,Medium,Warning,NA,This rule check for 80% utilization in Residual IP Address Range based on defined policies configured in a DHCP 2012 server
no,,,,Microsoft.Windows.DHCPServer.2012.Scope.IPV4.CollectIndividualFreeScopeAddresses,Collect DHCP Server 2012 IPV4 Individual Scopes Free Addresses,Rule,TRUE,FALSE,FALSE,PerformanceCollection,Microsoft.Windows.DHCPServer.2012,Microsoft Windows Server DHCP 2012,Microsoft Windows Server DHCP 2012,6.0.7309.0,31bf3856ad364e35,Microsoft.Windows.DHCPServer.2012.IPv4Scope,DHCP 2012 IPv4 Scope,Microsoft.Windows.DHCPServer.2012,Microsoft Windows Server DHCP 2012,Microsoft Windows Server DHCP 2012,6.0.7309.0,31bf3856ad364e35,Microsoft.Windows.DHCPServer.2012.FilteredIndScopeStats.DS,,,,,NA,Collect the number of free addresses in the scope
no,,,,Microsoft.Windows.DHCPServer.2012.Scope.IPV6.CollectIndividualScopeAddressesInUse,Collect DHCP Server 2012 IPV6 Individual Scopes Addresses In Use,Rule,TRUE,FALSE,FALSE,PerformanceCollection,Microsoft.Windows.DHCPServer.2012,Microsoft Windows Server DHCP 2012,Microsoft Windows Server DHCP 2012,6.0.7309.0,31bf3856ad364e35,Microsoft.Windows.DHCPServer.2012.IPv6Scope,DHCP 2012 IPv6 Scope,Microsoft.Windows.DHCPServer.2012,Microsoft Windows Server DHCP 2012,Microsoft Windows Server DHCP 2012,6.0.7309.0,31bf3856ad364e35,Microsoft.Windows.DHCPServer.2012.FilteredIndScopeStats.DS,,,,,NA,Collect the number of scope addresses in use
ignore,,,,Microsoft.Windows.DHCPServer.2012.Scope.IPV6.CollectFreeScopeAddresses,(DEPRECATED) Collect DHCP Server 2012 IPV6 Scope Free Addresses,Rule,FALSE,FALSE,FALSE,PerformanceCollection,Microsoft.Windows.DHCPServer.2012,Microsoft Windows Server DHCP 2012,Microsoft Windows Server DHCP 2012,6.0.7309.0,31bf3856ad364e35,Microsoft.Windows.DHCPServer.2012.Server,Microsoft Windows Server DHCP 2012,Microsoft.Windows.DHCPServer.2012,Microsoft Windows Server DHCP 2012,Microsoft Windows Server DHCP 2012,6.0.7309.0,31bf3856ad364e35,Microsoft.Windows.DHCPServer.2012.FilteredScopeStats.DS,,,,,NA,Collect the number of free addresses in the scope
no,,,,Microsoft.Windows.DHCPServer.2012.Policy.Rule.ResidualIPAddressRange80Full,DHCP 2012 Residual IP Address Range Policies 80 Percentage Utilization Rule,Rule,TRUE,TRUE,FALSE,EventCollection,Microsoft.Windows.DHCPServer.2012,Microsoft Windows Server DHCP 2012,Microsoft Windows Server DHCP 2012,6.0.7309.0,31bf3856ad364e35,Microsoft.Windows.DHCPServer.2012.IPv4Scope,DHCP 2012 IPv4 Scope,Microsoft.Windows.DHCPServer.2012,Microsoft Windows Server DHCP 2012,Microsoft Windows Server DHCP 2012,6.0.7309.0,31bf3856ad364e35,Microsoft.Windows.EventProvider,,DHCP 2012 Residual IP Address Range Policies 80 Percentage Utilization Alert,Medium,Warning,NA,This rule check for 80 Percentage utilization in Residual IP Address Range based on defined policies configured in a DHCP 2012 server
ignore,,,,Microsoft.Windows.DHCPServer.2012.Scope.IPV6.CollectScopeAddressesInUse,(DEPRECATED) Collect DHCP Server 2012 IPV6 Scope Addresses In Use,Rule,FALSE,FALSE,FALSE,PerformanceCollection,Microsoft.Windows.DHCPServer.2012,Microsoft Windows Server DHCP 2012,Microsoft Windows Server DHCP 2012,6.0.7309.0,31bf3856ad364e35,Microsoft.Windows.DHCPServer.2012.Server,Microsoft Windows Server DHCP 2012,Microsoft.Windows.DHCPServer.2012,Microsoft Windows Server DHCP 2012,Microsoft Windows Server DHCP 2012,6.0.7309.0,31bf3856ad364e35,Microsoft.Windows.DHCPServer.2012.FilteredScopeStats.DS,,,,,NA,Collect the number of scope addresses in use
no,,,,Microsoft.Windows.DHCPServer.2012.Policy.Rule.IPAddressRange100Full,DHCP 2012 IP Address Range Policies 100 Percentage Utilization Rule,Rule,TRUE,TRUE,FALSE,EventCollection,Microsoft.Windows.DHCPServer.2012,Microsoft Windows Server DHCP 2012,Microsoft Windows Server DHCP 2012,6.0.7309.0,31bf3856ad364e35,Microsoft.Windows.DHCPServer.2012.IPv4Scope,DHCP 2012 IPv4 Scope,Microsoft.Windows.DHCPServer.2012,Microsoft Windows Server DHCP 2012,Microsoft Windows Server DHCP 2012,6.0.7309.0,31bf3856ad364e35,Microsoft.Windows.EventProvider,,DHCP 2012 IP Address Range Policies 100 Percentage Utilization Alert,Medium,Warning,NA,This Rule check for 80 Percentage utilization in IP Address Range based on defined policies configured in a DHCP 2012 server
no,,,,Microsoft.Windows.DHCPServer.2012.Policy.Rule.IPAddressRange80Full,DHCP 2012 IP Address Range Policies 80 Percentage Utilization Rule,Rule,TRUE,TRUE,FALSE,EventCollection,Microsoft.Windows.DHCPServer.2012,Microsoft Windows Server DHCP 2012,Microsoft Windows Server DHCP 2012,6.0.7309.0,31bf3856ad364e35,Microsoft.Windows.DHCPServer.2012.IPv4Scope,DHCP 2012 IPv4 Scope,Microsoft.Windows.DHCPServer.2012,Microsoft Windows Server DHCP 2012,Microsoft Windows Server DHCP 2012,6.0.7309.0,31bf3856ad364e35,Microsoft.Windows.EventProvider,,DHCP 2012 IP Address Range Policies 80 Percentage Utilization Alert,Medium,Warning,NA,This rule check for 80 Percentage utilization in IP Address Range based on defined policies configured in a DHCP 2012 server
ignore,,,,Microsoft.Windows.DHCPServer.2012.Scope.IPV4.CollectFreeScopeAddresses,(DEPRECATED) Collect DHCP Server 2012 IPV4 Scope Free Addresses,Rule,FALSE,FALSE,FALSE,PerformanceCollection,Microsoft.Windows.DHCPServer.2012,Microsoft Windows Server DHCP 2012,Microsoft Windows Server DHCP 2012,6.0.7309.0,31bf3856ad364e35,Microsoft.Windows.DHCPServer.2012.Server,Microsoft Windows Server DHCP 2012,Microsoft.Windows.DHCPServer.2012,Microsoft Windows Server DHCP 2012,Microsoft Windows Server DHCP 2012,6.0.7309.0,31bf3856ad364e35,Microsoft.Windows.DHCPServer.2012.FilteredScopeStats.DS,,,,,NA,Collect the number of free addresses in the scope
ignore,,,,Microsoft.Windows.DHCPServer.2012.FailoverServerWatcher.AvailabilityState,DHCP 2012 Failover Server Relationship Depends on DHCP Server 2012 Availability,Monitor,TRUE,FALSE,FALSE,StateCollection,Microsoft.Windows.DHCPServer.2012,Microsoft Windows Server DHCP 2012,Microsoft Windows Server DHCP 2012,6.0.7309.0,31bf3856ad364e35,Microsoft.Windows.DHCPServer.2012.FailoverServerWatcher,Microsoft Windows DHCP Server 2012 Failover Relationship,Microsoft.Windows.DHCPServer.2012,Microsoft Windows Server DHCP 2012,Microsoft Windows Server DHCP 2012,6.0.7309.0,31bf3856ad364e35,NA,DependencyMonitor,,,,,This rolls up the availability state of the Failover Server that this DHCP 2012 Server object is monitoring.
ignore,,,,Microsoft.Windows.DHCPServer.2012.Policy.UnitMonitor.ResidualIPAddressRange100Full,(DEPRECATED) DHCP 2012 Residual IP Address Range Policies 100 Percentage Utilization Monitor,Monitor,FALSE,TRUE,FALSE,StateCollection,Microsoft.Windows.DHCPServer.2012,Microsoft Windows Server DHCP 2012,Microsoft Windows Server DHCP 2012,6.0.7309.0,31bf3856ad364e35,Microsoft.Windows.DHCPServer.2012.IPv4Scope,DHCP 2012 IPv4 Scope,Microsoft.Windows.DHCPServer.2012,Microsoft Windows Server DHCP 2012,Microsoft Windows Server DHCP 2012,6.0.7309.0,31bf3856ad364e35,NA,UnitMonitor,DHCP 2012 Residual IP Address Range Policies 100 Percentage Utilization Alert,Medium,Warning,Microsoft.Windows.DHCPServer.2012.Policies.ResidualIPAddressRange100Full.MonitorType,This monitor check for 100 Percentage utilization in Residual IP Address Range based on defined policies configured in a DHCP 2012 server
ignore,,,,Microsoft.Windows.DHCPServer.2012.Scope.IPV6.FreeScopeAddresses.Percentage.Monitor,(DEPRECATED) DHCP Server 2012 IPV6 Scope Addresses Available Percentage Monitor,Monitor,FALSE,TRUE,FALSE,StateCollection,Microsoft.Windows.DHCPServer.2012,Microsoft Windows Server DHCP 2012,Microsoft Windows Server DHCP 2012,6.0.7309.0,31bf3856ad364e35,Microsoft.Windows.DHCPServer.2012.IPv6Scope,DHCP 2012 IPv6 Scope,Microsoft.Windows.DHCPServer.2012,Microsoft Windows Server DHCP 2012,Microsoft Windows Server DHCP 2012,6.0.7309.0,31bf3856ad364e35,NA,UnitMonitor,DHCP Server 2012 IPV6 Scope Percentage of Available Addresses are Low,Medium,Critical,Microsoft.Windows.DHCPServer.2012.ScopeStats.MonitorType,(DEPRECATED) This monitor alerts when the percentage of free addresses for the specified IPV6 scope fall below the defined threshold
yes,High,Medium,,Microsoft.Windows.DHCPServer.2012.AllIndScope.IPV4.FreeScopeAddresses.Percentage.Monitor,Microsoft Windows Server DHCP 2012 Scope Addresses Availability,Monitor,TRUE,TRUE,FALSE,StateCollection,Microsoft.Windows.DHCPServer.2012,Microsoft Windows Server DHCP 2012,Microsoft Windows Server DHCP 2012,6.0.7309.0,31bf3856ad364e35,Microsoft.Windows.DHCPServer.2012.IPv4ScopesRuntime,DHCP 2012 IPv4 Scopes Runtime,Microsoft.Windows.DHCPServer.2012,Microsoft Windows Server DHCP 2012,Microsoft Windows Server DHCP 2012,6.0.7309.0,31bf3856ad364e35,NA,UnitMonitor,DHCP Server 2012 IPV4 Available Addresses are Low,Medium,Critical,Microsoft.Windows.DHCPServer.2012.GetAllScopeAddressesAvailable.Percentage.MonitorType,Microsoft Windows Server DHCP 2012 Scope Addresses Availability.
no,,,,Microsoft.Windows.DHCPServer.2012.IndScope.IPV6.FreeScopeAddresses.Percentage.Monitor,DHCP Server 2012 IPV6 Individual Scope Addresses Available Percentage Monitor,Monitor,TRUE,TRUE,FALSE,StateCollection,Microsoft.Windows.DHCPServer.2012,Microsoft Windows Server DHCP 2012,Microsoft Windows Server DHCP 2012,6.0.7309.0,31bf3856ad364e35,Microsoft.Windows.DHCPServer.2012.IPv6Scope,DHCP 2012 IPv6 Scope,Microsoft.Windows.DHCPServer.2012,Microsoft Windows Server DHCP 2012,Microsoft Windows Server DHCP 2012,6.0.7309.0,31bf3856ad364e35,NA,UnitMonitor,DHCP Server 2012 IPV6 Scope Percentage of Available Addresses are Low,Medium,Critical,Microsoft.Windows.DHCPServer.2012.IndScopeStats.MonitorType,This monitor alerts when the percentage of free addresses for the specified IPV6 scope fall below the defined threshold
ignore,,,,Microsoft.Windows.DHCPServer.2012.Policy.UnitMonitor.ResidualIPAddressRange80Full,(DEPRECATED) DHCP 2012 Residual IP Address Range Policies 80 Percentage Utilization Monitor,Monitor,FALSE,TRUE,FALSE,StateCollection,Microsoft.Windows.DHCPServer.2012,Microsoft Windows Server DHCP 2012,Microsoft Windows Server DHCP 2012,6.0.7309.0,31bf3856ad364e35,Microsoft.Windows.DHCPServer.2012.IPv4Scope,DHCP 2012 IPv4 Scope,Microsoft.Windows.DHCPServer.2012,Microsoft Windows Server DHCP 2012,Microsoft Windows Server DHCP 2012,6.0.7309.0,31bf3856ad364e35,NA,UnitMonitor,DHCP 2012 Residual IP Address Range Policies 80 Percentage Utilization Alert,Medium,Warning,Microsoft.Windows.DHCPServer.2012.Policies.ResidualIPAddressRange80Full.MonitorType,This monitor check for 80 Percentage utilization in Residual IP Address Range based on defined policies configured in a DHCP 2012 server
no,,,,Microsoft.Windows.DHCPServer.2012.IPv6Runtime.UnitMonitor.StaticIPAssigned,DHCP 2012 IPv6 Runtime Static Address Required Monitor,Monitor,TRUE,TRUE,FALSE,StateCollection,Microsoft.Windows.DHCPServer.2012,Microsoft Windows Server DHCP 2012,Microsoft Windows Server DHCP 2012,6.0.7309.0,31bf3856ad364e35,Microsoft.Windows.DHCPServer.2012.IPv6Runtime,DHCP 2012 IPv6 Runtime,Microsoft.Windows.DHCPServer.2012,Microsoft Windows Server DHCP 2012,Microsoft Windows Server DHCP 2012,6.0.7309.0,31bf3856ad364e35,NA,UnitMonitor,DHCP 2012 IPv6 Runtime Static Address Required Alert,Medium,Critical,Microsoft.Windows.SingleEventLogManualReset2StateMonitorType,This monitor checks for the required configuration to initialize IPV6 scopes to got a static IP address being asigned for the server
no,,,,Microsoft.Windows.DHCPServer.2012.IndScope.IPV4.FreeScopeAddresses.Percentage.Monitor,DHCP Server 2012 IPV4 Individual Scope Addresses Available Percentage Monitor,Monitor,TRUE,TRUE,FALSE,StateCollection,Microsoft.Windows.DHCPServer.2012,Microsoft Windows Server DHCP 2012,Microsoft Windows Server DHCP 2012,6.0.7309.0,31bf3856ad364e35,Microsoft.Windows.DHCPServer.2012.IPv4Scope,DHCP 2012 IPv4 Scope,Microsoft.Windows.DHCPServer.2012,Microsoft Windows Server DHCP 2012,Microsoft Windows Server DHCP 2012,6.0.7309.0,31bf3856ad364e35,NA,UnitMonitor,DHCP Server 2012 IPV4 Scope Percentage of Available Addresses are Low,Medium,Critical,Microsoft.Windows.DHCPServer.2012.IndScopeStats.MonitorType,This monitor alerts when the percentage of free addresses for the specified IPV4 scope fall below the defined threshold
ignore,,,,Microsoft.Windows.DHCPServer.2012.Policy.UnitMonitor.IPAddressRange80Full,(DEPRECATED) DHCP 2012 IP Address Range Policies 80 Percentage Utilization Monitor,Monitor,FALSE,TRUE,FALSE,StateCollection,Microsoft.Windows.DHCPServer.2012,Microsoft Windows Server DHCP 2012,Microsoft Windows Server DHCP 2012,6.0.7309.0,31bf3856ad364e35,Microsoft.Windows.DHCPServer.2012.IPv4Scope,DHCP 2012 IPv4 Scope,Microsoft.Windows.DHCPServer.2012,Microsoft Windows Server DHCP 2012,Microsoft Windows Server DHCP 2012,6.0.7309.0,31bf3856ad364e35,NA,UnitMonitor,DHCP 2012 IP Address Range Policies 80 Percentage Utilization Alert,Medium,Warning,Microsoft.Windows.DHCPServer.2012.Policies.Utilization.MonitorType,This monitor check for 80 Percentage utilization in IP Address Range based on defined policies configured in a DHCP 2012 server
ignore,,,,Microsoft.Windows.DHCPServer.2012.Policy.UnitMonitor.ClientPackDrop100Full,(DEPRECATED) DHCP 2012 Client packet dropped Policy 100 Percentage Utilization Monitor,Monitor,FALSE,TRUE,FALSE,StateCollection,Microsoft.Windows.DHCPServer.2012,Microsoft Windows Server DHCP 2012,Microsoft Windows Server DHCP 2012,6.0.7309.0,31bf3856ad364e35,Microsoft.Windows.DHCPServer.2012.IPv4Scope,DHCP 2012 IPv4 Scope,Microsoft.Windows.DHCPServer.2012,Microsoft Windows Server DHCP 2012,Microsoft Windows Server DHCP 2012,6.0.7309.0,31bf3856ad364e35,NA,UnitMonitor,DHCP 2012 Client packet dropped Policies 100 Percentage Utilization Alert,Medium,Warning,Microsoft.Windows.DHCPServer.2012.Policies.ClientPackDrop100.MonitorType,This monitor check when Client Packets are dropped based on defined policies for 100 Percentage utilization configured in a DHCP 2012 server
ignore,,,,Microsoft.Windows.DHCPServer.2012.Scope.IPV4.FreeScopeAddresses.Percentage.Monitor,(DEPRECATED) DHCP Server 2012 IPV4 Scope Addresses Available Percentage Monitor,Monitor,FALSE,TRUE,FALSE,StateCollection,Microsoft.Windows.DHCPServer.2012,Microsoft Windows Server DHCP 2012,Microsoft Windows Server DHCP 2012,6.0.7309.0,31bf3856ad364e35,Microsoft.Windows.DHCPServer.2012.IPv4Scope,DHCP 2012 IPv4 Scope,Microsoft.Windows.DHCPServer.2012,Microsoft Windows Server DHCP 2012,Microsoft Windows Server DHCP 2012,6.0.7309.0,31bf3856ad364e35,NA,UnitMonitor,DHCP Server 2012 IPV4 Scope Percentage of Available Addresses are Low,Medium,Critical,Microsoft.Windows.DHCPServer.2012.ScopeStats.MonitorType,(DEPRECATED) This monitor alerts when the percentage of free addresses for the specified IPV4 scope fall below the defined threshold
no,,,,Microsoft.Windows.DHCPServer.2012.FailoverServerWatcher.UnitMonitor.ErrorCommunicationWithfailoverPartnerServer,DHCP Server 2012 Failover Server Relationship Error in Communication with Partner Server Monitor,Monitor,TRUE,TRUE,FALSE,StateCollection,Microsoft.Windows.DHCPServer.2012,Microsoft Windows Server DHCP 2012,Microsoft Windows Server DHCP 2012,6.0.7309.0,31bf3856ad364e35,Microsoft.Windows.DHCPServer.2012.FailoverServerWatcher,Microsoft Windows DHCP Server 2012 Failover Relationship,Microsoft.Windows.DHCPServer.2012,Microsoft Windows Server DHCP 2012,Microsoft Windows Server DHCP 2012,6.0.7309.0,31bf3856ad364e35,NA,UnitMonitor,DHCP Server 2012 Failover Server Relationship has reported an error in communication with its partner server,Medium,Critical,Microsoft.Windows.2SingleEventLog2StateMonitorType,DHCP Server 2012 Failover Server Relationship Error in Communication with Partner Server Monitor
ignore,,,,Microsoft.Windows.DHCPServer.2012.Group.DependsOn.DHCPServers.Availability,Microsoft Windows Server DHCP 2012 Servers Availability,Monitor,TRUE,FALSE,FALSE,AvailabilityHealth,Microsoft.Windows.DHCPServer.2012,Microsoft Windows Server DHCP 2012,Microsoft Windows Server DHCP 2012,6.0.7309.0,31bf3856ad364e35,Microsoft.Windows.DHCPServer.2012.Group.Servers,DHCP 2012 Servers,Microsoft.Windows.DHCPServer.2012,Microsoft Windows Server DHCP 2012,Microsoft Windows Server DHCP 2012,6.0.7309.0,31bf3856ad364e35,NA,DependencyMonitor,,,,,A dependency monitor to see health from Windows DHCP 2012 Servers.
ignore,,,,Microsoft.Windows.DHCPServer.2012.Scopes.UnitMonitor.UtilizationByScope,(DEPRECATED) DHCP 2012 Scopes Utilization Monitor,Monitor,FALSE,TRUE,FALSE,StateCollection,Microsoft.Windows.DHCPServer.2012,Microsoft Windows Server DHCP 2012,Microsoft Windows Server DHCP 2012,6.0.7309.0,31bf3856ad364e35,Microsoft.Windows.DHCPServer.2012.IPv4Scope,DHCP 2012 IPv4 Scope,Microsoft.Windows.DHCPServer.2012,Microsoft Windows Server DHCP 2012,Microsoft Windows Server DHCP 2012,6.0.7309.0,31bf3856ad364e35,NA,UnitMonitor,DHCP 2012 Scope Utilization Monitor Alert,Medium,Warning,Microsoft.Windows.DHCPServer.2012.Scopes.Utilization.MonitorType,(DEPRECATED) This monitor check for each utilization scope configured in a DHCP 2012 server
ignore,,,,Microsoft.Windows.DHCPServer.2012.IndScope.IPV6.FreeScopeAddresses.Quantity.Monitor,DHCP Server 2012 IPV6 Individual Scope Addresses Available Monitor,Monitor,FALSE,TRUE,FALSE,StateCollection,Microsoft.Windows.DHCPServer.2012,Microsoft Windows Server DHCP 2012,Microsoft Windows Server DHCP 2012,6.0.7309.0,31bf3856ad364e35,Microsoft.Windows.DHCPServer.2012.IPv6Scope,DHCP 2012 IPv6 Scope,Microsoft.Windows.DHCPServer.2012,Microsoft Windows Server DHCP 2012,Microsoft Windows Server DHCP 2012,6.0.7309.0,31bf3856ad364e35,NA,UnitMonitor,DHCP Server 2012 IPV6 Scope Available Addresses are Low,Medium,Critical,Microsoft.Windows.DHCPServer.2012.IndScopeStats.MonitorType,This monitor alerts when the number of free addresses for the specified IPV6 scope fall below the defined threshold
no,,,,Microsoft.Windows.DHCPServer.2012.FailoverServerWatcher.UnitMonitor.LostCommunicationWithfailoverPartnerServer,DHCP Server 2012 Failover Server Relationship Lost Communication with Partner Server Monitor,Monitor,TRUE,TRUE,FALSE,StateCollection,Microsoft.Windows.DHCPServer.2012,Microsoft Windows Server DHCP 2012,Microsoft Windows Server DHCP 2012,6.0.7309.0,31bf3856ad364e35,Microsoft.Windows.DHCPServer.2012.FailoverServerWatcher,Microsoft Windows DHCP Server 2012 Failover Relationship,Microsoft.Windows.DHCPServer.2012,Microsoft Windows Server DHCP 2012,Microsoft Windows Server DHCP 2012,6.0.7309.0,31bf3856ad364e35,NA,UnitMonitor,DHCP Server 2012 Failover Server Relationship has reported that lost communication with its partner server,Medium,Critical,Microsoft.Windows.2SingleEventLog2StateMonitorType,DHCP Server 2012 Failover Server Relationship Lost Communication with Partner Server Monitor
no,,,,Microsoft.Windows.DHCPServer.2012.IPv6Runtime.UnitMonitor.Auditing,DHCP 2012 Audit Logging Monitor,Monitor,TRUE,TRUE,FALSE,StateCollection,Microsoft.Windows.DHCPServer.2012,Microsoft Windows Server DHCP 2012,Microsoft Windows Server DHCP 2012,6.0.7309.0,31bf3856ad364e35,Microsoft.Windows.DHCPServer.2012.IPv6Runtime,DHCP 2012 IPv6 Runtime,Microsoft.Windows.DHCPServer.2012,Microsoft Windows Server DHCP 2012,Microsoft Windows Server DHCP 2012,6.0.7309.0,31bf3856ad364e35,NA,UnitMonitor,DHCP 2012 Audit Logging Alert,Medium,Warning,Microsoft.Windows.SingleEventLogManualReset2StateMonitorType,This monitor checks if the log audit is being configured
ignore,,,,Microsoft.Windows.DHCPServer.2012.ScopesAndSuperScopes.UnitMonitor.Utilization,(DEPRECATED) DHCP 2012 Scopes And Super Scopes Utilization Monitor,Monitor,FALSE,TRUE,FALSE,StateCollection,Microsoft.Windows.DHCPServer.2012,Microsoft Windows Server DHCP 2012,Microsoft Windows Server DHCP 2012,6.0.7309.0,31bf3856ad364e35,Microsoft.Windows.DHCPServer.2012.IPv4Scope,DHCP 2012 IPv4 Scope,Microsoft.Windows.DHCPServer.2012,Microsoft Windows Server DHCP 2012,Microsoft Windows Server DHCP 2012,6.0.7309.0,31bf3856ad364e35,NA,UnitMonitor,DHCP 2012 Scopes and Super Scopes Utilization Monitor Alert,Medium,Warning,Microsoft.Windows.DHCPServer.2012.Scopes.Utilization.MonitorType,This monitor check for each utilization scopes and super scopes configured in a DHCP 2012 server
ignore,,,,Microsoft.Windows.DHCPServer.2012.IndScope.IPV4.FreeScopeAddresses.Quantity.Monitor,DHCP Server 2012 IPV4 Individual Scope Addresses Available Monitor,Monitor,FALSE,TRUE,FALSE,StateCollection,Microsoft.Windows.DHCPServer.2012,Microsoft Windows Server DHCP 2012,Microsoft Windows Server DHCP 2012,6.0.7309.0,31bf3856ad364e35,Microsoft.Windows.DHCPServer.2012.IPv4Scope,DHCP 2012 IPv4 Scope,Microsoft.Windows.DHCPServer.2012,Microsoft Windows Server DHCP 2012,Microsoft Windows Server DHCP 2012,6.0.7309.0,31bf3856ad364e35,NA,UnitMonitor,DHCP Server 2012 IPV4 Scope Available Addresses are Low,Medium,Critical,Microsoft.Windows.DHCPServer.2012.IndScopeStats.MonitorType,This monitor alerts when the number of free addresses for the specified IPV4 scope fall below the defined threshold
ignore,,,,Microsoft.Windows.DHCPServer.2012.Scope.IPV4.FreeScopeAddresses.Quantity.Monitor,(DEPRECATED) DHCP Server 2012 IPV4 Scope Addresses Available Monitor,Monitor,FALSE,TRUE,FALSE,StateCollection,Microsoft.Windows.DHCPServer.2012,Microsoft Windows Server DHCP 2012,Microsoft Windows Server DHCP 2012,6.0.7309.0,31bf3856ad364e35,Microsoft.Windows.DHCPServer.2012.IPv4Scope,DHCP 2012 IPv4 Scope,Microsoft.Windows.DHCPServer.2012,Microsoft Windows Server DHCP 2012,Microsoft Windows Server DHCP 2012,6.0.7309.0,31bf3856ad364e35,NA,UnitMonitor,DHCP Server 2012 IPV4 Scope Available Addresses are Low,Medium,Critical,Microsoft.Windows.DHCPServer.2012.ScopeStats.MonitorType,(DEPRECATED) This monitor alerts when the number of free addresses for the specified IPV4 scope fall below the defined threshold
no,,,,Microsoft.Windows.DHCPServer.2012.IPv6Runtime.UnitMonitor.ScopeFull,DHCP Server 2012 IPv6 Scope Full Monitor,Monitor,TRUE,TRUE,FALSE,StateCollection,Microsoft.Windows.DHCPServer.2012,Microsoft Windows Server DHCP 2012,Microsoft Windows Server DHCP 2012,6.0.7309.0,31bf3856ad364e35,Microsoft.Windows.DHCPServer.2012.IPv6Runtime,DHCP 2012 IPv6 Runtime,Microsoft.Windows.DHCPServer.2012,Microsoft Windows Server DHCP 2012,Microsoft Windows Server DHCP 2012,6.0.7309.0,31bf3856ad364e35,NA,UnitMonitor,DHCP Server 2012 IPv6 scope has reached its capacity,Medium,Warning,Microsoft.Windows.2SingleEventLogManualReset3StateMonitorType,There are no available IPv6 addresses
no,,,,Microsoft.Windows.DHCPServer.2012.IPv6Runtime.UnitMonitor.DatabaseCorrupt,DHCP Server 2012 failed to initialize properly,Monitor,TRUE,TRUE,FALSE,StateCollection,Microsoft.Windows.DHCPServer.2012,Microsoft Windows Server DHCP 2012,Microsoft Windows Server DHCP 2012,6.0.7309.0,31bf3856ad364e35,Microsoft.Windows.DHCPServer.2012.IPv6Runtime,DHCP 2012 IPv6 Runtime,Microsoft.Windows.DHCPServer.2012,Microsoft Windows Server DHCP 2012,Microsoft Windows Server DHCP 2012,6.0.7309.0,31bf3856ad364e35,NA,UnitMonitor,DHCP server 2012 failed to initialize properly,Medium,Critical,Microsoft.Windows.SingleEventLogManualReset2StateMonitorType,"The Dynamic Host Configuration Protocol version 6 (DHCPv6) Server service is a process that runs in the background on a computer running Windows Server and that provides Internet Protocol version 6 (IPv6) addresses to clients.  Dynamic Host Configuration Protocol (DHCP) can lease both Internet Protocol version 4 (IPv4) and Internet Protocol version 6 (IPv6) addresses. If IPv6 is not available, the DHCP service uses IPv4 only."
no,,,,Microsoft.Windows.DHCPServer.2012.FailoverServerWatcher.UnitMonitor.State,DHCP Server 2012 Failover Server Relationship Health Monitor,Monitor,TRUE,TRUE,FALSE,StateCollection,Microsoft.Windows.DHCPServer.2012,Microsoft Windows Server DHCP 2012,Microsoft Windows Server DHCP 2012,6.0.7309.0,31bf3856ad364e35,Microsoft.Windows.DHCPServer.2012.FailoverServerWatcher,Microsoft Windows DHCP Server 2012 Failover Relationship,Microsoft.Windows.DHCPServer.2012,Microsoft Windows Server DHCP 2012,Microsoft Windows Server DHCP 2012,6.0.7309.0,31bf3856ad364e35,NA,UnitMonitor,DHCP Server 2012 Failover Server Relationship has reported a state Change,Medium,Critical,Microsoft.Windows.DHCPServer.2012.FailoverServerWatcher.MonitorType,DHCP Server 2012 Failover Server Relationship Health Monitor
ignore,,,,Microsoft.Windows.DHCPServer.2012.Policy.UnitMonitor.IPAddressRange100Full,(DEPRECATED) DHCP 2012 IP Address Range Policies 100 Percentage Utilization Monitor,Monitor,FALSE,TRUE,FALSE,StateCollection,Microsoft.Windows.DHCPServer.2012,Microsoft Windows Server DHCP 2012,Microsoft Windows Server DHCP 2012,6.0.7309.0,31bf3856ad364e35,Microsoft.Windows.DHCPServer.2012.IPv4Scope,DHCP 2012 IPv4 Scope,Microsoft.Windows.DHCPServer.2012,Microsoft Windows Server DHCP 2012,Microsoft Windows Server DHCP 2012,6.0.7309.0,31bf3856ad364e35,NA,UnitMonitor,DHCP 2012 IP Address Range Policies 100 Percentage Utilization Alert,Medium,Warning,Microsoft.Windows.DHCPServer.2012.Policies.FullUtilization.MonitorType,This monitor check for 100 Percentage utilization in IP Address Range based on defined policies configured in a DHCP 2012 server
ignore,,,,Microsoft.Windows.DHCPServer.2012.Scope.IPV6.FreeScopeAddresses.Quantity.Monitor,(DEPRECATED) DHCP Server 2012 IPV6 Scope Addresses Available Monitor,Monitor,FALSE,TRUE,FALSE,StateCollection,Microsoft.Windows.DHCPServer.2012,Microsoft Windows Server DHCP 2012,Microsoft Windows Server DHCP 2012,6.0.7309.0,31bf3856ad364e35,Microsoft.Windows.DHCPServer.2012.IPv6Scope,DHCP 2012 IPv6 Scope,Microsoft.Windows.DHCPServer.2012,Microsoft Windows Server DHCP 2012,Microsoft Windows Server DHCP 2012,6.0.7309.0,31bf3856ad364e35,NA,UnitMonitor,DHCP Server 2012 IPV6 Scope Available Addresses are Low,Medium,Critical,Microsoft.Windows.DHCPServer.2012.ScopeStats.MonitorType,(DEPRECATED) This monitor alerts when the number of free addresses for the specified IPV6 scope fall below the defined threshold
no,,,,Microsoft.Windows.DHCPServer.2012.FailoverServerWatcher.UnitMonitor.OutOfTimeSync,DHCP Server 2012 Failover Server Relationship Out of Sync Monitor,Monitor,TRUE,TRUE,FALSE,StateCollection,Microsoft.Windows.DHCPServer.2012,Microsoft Windows Server DHCP 2012,Microsoft Windows Server DHCP 2012,6.0.7309.0,31bf3856ad364e35,Microsoft.Windows.DHCPServer.2012.FailoverServerWatcher,Microsoft Windows DHCP Server 2012 Failover Relationship,Microsoft.Windows.DHCPServer.2012,Microsoft Windows Server DHCP 2012,Microsoft Windows Server DHCP 2012,6.0.7309.0,31bf3856ad364e35,NA,UnitMonitor,DHCP Server 2012 Failover Server Relationship has reported that is out of sync with its partner server,Medium,Critical,Microsoft.Windows.2SingleEventLog2StateMonitorType,DHCP Server 2012 Failover Server Relationship Out Of Sync Monitor
no,,,,Microsoft.Windows.DHCPServer.2012.IPv6Runtime.InitializationFailed,DHCP 2012 IPv6 Runtime Initialization Failed Monitor,Monitor,TRUE,TRUE,FALSE,StateCollection,Microsoft.Windows.DHCPServer.2012,Microsoft Windows Server DHCP 2012,Microsoft Windows Server DHCP 2012,6.0.7309.0,31bf3856ad364e35,Microsoft.Windows.DHCPServer.2012.IPv6Runtime,DHCP 2012 IPv6 Runtime,Microsoft.Windows.DHCPServer.2012,Microsoft Windows Server DHCP 2012,Microsoft Windows Server DHCP 2012,6.0.7309.0,31bf3856ad364e35,NA,UnitMonitor,DHCP 2012 IPv6 Runtime Initialization Failed Monitor,Medium,Warning,Microsoft.Windows.SingleEventLogManualReset2StateMonitorType,This monitor checks for any error during IPV6 runtime initialization process
ignore,,,,Microsoft.Windows.DHCPServer.2012.FailoverServerWatcher.Discovery,DHCP 2012 Failover Server Relationships Discovery,Discovery,TRUE,NA,FALSE,Discovery,Microsoft.Windows.DHCPServer.2012,Microsoft Windows Server DHCP 2012,Microsoft Windows Server DHCP 2012,6.0.7309.0,31bf3856ad364e35,Microsoft.Windows.DHCPServer.2012.Server,Microsoft Windows Server DHCP 2012,Microsoft.Windows.DHCPServer.2012,Microsoft Windows Server DHCP 2012,Microsoft Windows Server DHCP 2012,6.0.7309.0,31bf3856ad364e35,DS4,NA,NA,NA,NA,NA,This discovery rule populates the DHCP 2012 Failover Server Relationships instances.
ignore,,,,Microsoft.Windows.DHCPServer.2012.Populate.Group.FailoverServerWatchersGroup,DHCP 2012 Failover Server Relationships Group Populator,Discovery,TRUE,NA,FALSE,Discovery,Microsoft.Windows.DHCPServer.2012,Microsoft Windows Server DHCP 2012,Microsoft Windows Server DHCP 2012,6.0.7309.0,31bf3856ad364e35,Microsoft.Windows.DHCPServer.2012.FailoverServerWatchersGroup,Microsoft Windows DHCP Server 2012 Failover Relationship Group,Microsoft.Windows.DHCPServer.2012,Microsoft Windows Server DHCP 2012,Microsoft Windows Server DHCP 2012,6.0.7309.0,31bf3856ad364e35,Microsoft.Windows.DHCPServer.2012.Module.FailoverServerWatchersGroup,NA,NA,NA,NA,NA,This discovery rule populates the DHCP 2012 Failover Server Relationships Group with all discovered DHCP 2012 Failover Server Relationships
ignore,,,,Microsoft.Windows.DHCPServer.2012.Server.Discovery,DHCP 2012 Server Discovery,Discovery,TRUE,NA,FALSE,Discovery,Microsoft.Windows.DHCPServer.2012,Microsoft Windows Server DHCP 2012,Microsoft Windows Server DHCP 2012,6.0.7309.0,31bf3856ad364e35,Microsoft.Windows.Server.6.2.Computer,Windows Server 2012 Computer,Microsoft.Windows.Server.Library,Windows Server Operating System Library,Microsoft Windows Server Base OS Common Library,10.1.0.6,31bf3856ad364e35,DS,NA,NA,NA,NA,NA,This discovery rule populates the DHCP 2012 Server instances.
ignore,,,,Microsoft.Windows.DHCPServer.2012.Scopes.WithPagingDiscovery20to30PercentScopes,DHCP 2012 Scopes Discovery With Paging (20 to 30 Percent),Discovery,TRUE,NA,FALSE,Discovery,Microsoft.Windows.DHCPServer.2012,Microsoft Windows Server DHCP 2012,Microsoft Windows Server DHCP 2012,6.0.7309.0,31bf3856ad364e35,Microsoft.Windows.DHCPServer.2012.Server,Microsoft Windows Server DHCP 2012,Microsoft.Windows.DHCPServer.2012,Microsoft Windows Server DHCP 2012,Microsoft Windows Server DHCP 2012,6.0.7309.0,31bf3856ad364e35,DS3,NA,NA,NA,NA,NA,This discovery rule populates the 20 to 30 Percent DHCP 2012 IPV4 and IPV6 Scopes installations.
ignore,,,,Microsoft.Windows.DHCPServer.2012.Scopes.WithPagingDiscovery40to50PercentScopes,DHCP 2012 Scopes Discovery With Paging (40 to 50 Percent),Discovery,TRUE,NA,FALSE,Discovery,Microsoft.Windows.DHCPServer.2012,Microsoft Windows Server DHCP 2012,Microsoft Windows Server DHCP 2012,6.0.7309.0,31bf3856ad364e35,Microsoft.Windows.DHCPServer.2012.Server,Microsoft Windows Server DHCP 2012,Microsoft.Windows.DHCPServer.2012,Microsoft Windows Server DHCP 2012,Microsoft Windows Server DHCP 2012,6.0.7309.0,31bf3856ad364e35,DS3,NA,NA,NA,NA,NA,This discovery rule populates the 40 to 50 Percent DHCP 2012 IPV4 and IPV6 Scopes installations.
ignore,,,,Microsoft.Windows.DHCPServer.2012.ClusterServer.Discovery,DHCP Cluster 2012 Server Discovery Data Source,Discovery,TRUE,NA,FALSE,Discovery,Microsoft.Windows.DHCPServer.2012,Microsoft Windows Server DHCP 2012,Microsoft Windows Server DHCP 2012,6.0.7309.0,31bf3856ad364e35,Microsoft.Windows.Cluster.VirtualServer,Virtual Server,Microsoft.Windows.Cluster.Library,Windows Cluster Library,Windows Cluster Management,7.0.8437.17,31bf3856ad364e35,DS,NA,NA,NA,NA,NA,This discovery rule populates the DHCP Cluster 2012 Server instances.
ignore,,,,Microsoft.Windows.DHCPServer.2012.DiscoverIPv4ScopesRuntime,DHCP IPv4 Scopes Runtime Discovery,Discovery,FALSE,NA,FALSE,Discovery,Microsoft.Windows.DHCPServer.2012,Microsoft Windows Server DHCP 2012,Microsoft Windows Server DHCP 2012,6.0.7309.0,31bf3856ad364e35,Microsoft.Windows.DHCPServer.2012.Server,Microsoft Windows Server DHCP 2012,Microsoft.Windows.DHCPServer.2012,Microsoft Windows Server DHCP 2012,Microsoft Windows Server DHCP 2012,6.0.7309.0,31bf3856ad364e35,DS4,NA,NA,NA,NA,NA,Discovers the DHCP IPv4 Scopes Runtime
ignore,,,,Microsoft.Windows.DHCPServer.2012.Scopes.WithPagingDiscovery90to100PercentScopes,DHCP 2012 Scopes Discovery With Paging (90 to 100 Percent),Discovery,TRUE,NA,FALSE,Discovery,Microsoft.Windows.DHCPServer.2012,Microsoft Windows Server DHCP 2012,Microsoft Windows Server DHCP 2012,6.0.7309.0,31bf3856ad364e35,Microsoft.Windows.DHCPServer.2012.Server,Microsoft Windows Server DHCP 2012,Microsoft.Windows.DHCPServer.2012,Microsoft Windows Server DHCP 2012,Microsoft Windows Server DHCP 2012,6.0.7309.0,31bf3856ad364e35,DS3,NA,NA,NA,NA,NA,This discovery rule populates the 90 to 100 percent DHCP 2012 IPV4 and IPV6 Scopes installations.
ignore,,,,Microsoft.Windows.DHCPServer.2012.Scopes.WithPagingDiscovery30to40PercentScopes,DHCP 2012 Scopes Discovery With Paging (30 to 40 Percent),Discovery,TRUE,NA,FALSE,Discovery,Microsoft.Windows.DHCPServer.2012,Microsoft Windows Server DHCP 2012,Microsoft Windows Server DHCP 2012,6.0.7309.0,31bf3856ad364e35,Microsoft.Windows.DHCPServer.2012.Server,Microsoft Windows Server DHCP 2012,Microsoft.Windows.DHCPServer.2012,Microsoft Windows Server DHCP 2012,Microsoft Windows Server DHCP 2012,6.0.7309.0,31bf3856ad364e35,DS3,NA,NA,NA,NA,NA,This discovery rule populates the 30 to 40 Percent DHCP 2012 IPV4 and IPV6 Scopes installations.
ignore,,,,Microsoft.Windows.DHCPServer.2012.Scopes.WithPagingDiscovery0to10PercentScopes,DHCP 2012 Scopes Discovery With Paging (0 to 10 Percent),Discovery,TRUE,NA,FALSE,Discovery,Microsoft.Windows.DHCPServer.2012,Microsoft Windows Server DHCP 2012,Microsoft Windows Server DHCP 2012,6.0.7309.0,31bf3856ad364e35,Microsoft.Windows.DHCPServer.2012.Server,Microsoft Windows Server DHCP 2012,Microsoft.Windows.DHCPServer.2012,Microsoft Windows Server DHCP 2012,Microsoft Windows Server DHCP 2012,6.0.7309.0,31bf3856ad364e35,DS3,NA,NA,NA,NA,NA,This discovery rule populates the 0 to 10 percent DHCP 2012 IPV4 and IPV6 Scopes installations.
ignore,,,,Microsoft.Windows.DHCPServer.2012.Scopes.Discovery,(DEPRECATED) DHCP 2012 Scopes Discovery Data Source,Discovery,FALSE,NA,FALSE,Discovery,Microsoft.Windows.DHCPServer.2012,Microsoft Windows Server DHCP 2012,Microsoft Windows Server DHCP 2012,6.0.7309.0,31bf3856ad364e35,Microsoft.Windows.DHCPServer.2012.Server,Microsoft Windows Server DHCP 2012,Microsoft.Windows.DHCPServer.2012,Microsoft Windows Server DHCP 2012,Microsoft Windows Server DHCP 2012,6.0.7309.0,31bf3856ad364e35,DS,NA,NA,NA,NA,NA,(DEPRECATED) This discovery rule populates the DHCP 2012 IPV4 and IPV6 Scopes installations.
ignore,,,,Microsoft.Windows.DHCPServer.2012.Populate.Group.IPv4Scopes,DHCP 2012 IPV4 Scopes Group Populator,Discovery,TRUE,NA,FALSE,Discovery,Microsoft.Windows.DHCPServer.2012,Microsoft Windows Server DHCP 2012,Microsoft Windows Server DHCP 2012,6.0.7309.0,31bf3856ad364e35,Microsoft.Windows.DHCPServer.2012.Group.IPv4Scopes,DHCP 2012 IPv4 Scopes,Microsoft.Windows.DHCPServer.2012,Microsoft Windows Server DHCP 2012,Microsoft Windows Server DHCP 2012,6.0.7309.0,31bf3856ad364e35,Microsoft.Windows.DHCPServer.2012.Module,NA,NA,NA,NA,NA,This discovery rule populates the DHCP 2012 IPV4 Scopes Group with all discovered DHCP 2012 IPV4 Scopes Installations
ignore,,,,Microsoft.Windows.DHCPServer.2012.Scopes.WithPagingDiscovery50to60PercentScopes,DHCP 2012 Scopes Discovery With Paging (50 to 60 Percent),Discovery,TRUE,NA,FALSE,Discovery,Microsoft.Windows.DHCPServer.2012,Microsoft Windows Server DHCP 2012,Microsoft Windows Server DHCP 2012,6.0.7309.0,31bf3856ad364e35,Microsoft.Windows.DHCPServer.2012.Server,Microsoft Windows Server DHCP 2012,Microsoft.Windows.DHCPServer.2012,Microsoft Windows Server DHCP 2012,Microsoft Windows Server DHCP 2012,6.0.7309.0,31bf3856ad364e35,DS3,NA,NA,NA,NA,NA,This discovery rule populates the 50 to 60 Percent DHCP 2012 IPV4 and IPV6 Scopes installations.
ignore,,,,Microsoft.Windows.DHCPServer.2012.Populate.Group.Servers,DHCP 2012 Servers Group Populator,Discovery,TRUE,NA,FALSE,Discovery,Microsoft.Windows.DHCPServer.2012,Microsoft Windows Server DHCP 2012,Microsoft Windows Server DHCP 2012,6.0.7309.0,31bf3856ad364e35,Microsoft.Windows.DHCPServer.2012.Group.Servers,DHCP 2012 Servers,Microsoft.Windows.DHCPServer.2012,Microsoft Windows Server DHCP 2012,Microsoft Windows Server DHCP 2012,6.0.7309.0,31bf3856ad364e35,Microsoft.Windows.DHCPServer.2012.Module,NA,NA,NA,NA,NA,This discovery rule populates the DHCP 2012 Server Group with all discovered DHCP 2012 servers
ignore,,,,Microsoft.Windows.DHCPServer.2012.Scopes.WithPagingDiscovery,DHCP 2012 Scopes Discovery With Paging (DEPRECATED),Discovery,FALSE,NA,FALSE,Discovery,Microsoft.Windows.DHCPServer.2012,Microsoft Windows Server DHCP 2012,Microsoft Windows Server DHCP 2012,6.0.7309.0,31bf3856ad364e35,Microsoft.Windows.DHCPServer.2012.Server,Microsoft Windows Server DHCP 2012,Microsoft.Windows.DHCPServer.2012,Microsoft Windows Server DHCP 2012,Microsoft Windows Server DHCP 2012,6.0.7309.0,31bf3856ad364e35,DS3,NA,NA,NA,NA,NA,This discovery rule populates the DHCP 2012 IPV4 and IPV6 Scopes installations. (DEPRECATED)
ignore,,,,Microsoft.Windows.DHCPServer.2012.Scopes.WithPagingDiscovery10to20PercentScopes,DHCP 2012 Scopes Discovery With Paging (10 to 20 Percent),Discovery,TRUE,NA,FALSE,Discovery,Microsoft.Windows.DHCPServer.2012,Microsoft Windows Server DHCP 2012,Microsoft Windows Server DHCP 2012,6.0.7309.0,31bf3856ad364e35,Microsoft.Windows.DHCPServer.2012.Server,Microsoft Windows Server DHCP 2012,Microsoft.Windows.DHCPServer.2012,Microsoft Windows Server DHCP 2012,Microsoft Windows Server DHCP 2012,6.0.7309.0,31bf3856ad364e35,DS3,NA,NA,NA,NA,NA,This discovery rule populates the 10 to 20 Percent DHCP 2012 IPV4 and IPV6 Scopes installations.
ignore,,,,Microsoft.Windows.DHCPServer.2012.Scopes.WithPagingDiscovery80to90PercentScopes,DHCP 2012 Scopes Discovery With Paging (80 to 90 Percent),Discovery,TRUE,NA,FALSE,Discovery,Microsoft.Windows.DHCPServer.2012,Microsoft Windows Server DHCP 2012,Microsoft Windows Server DHCP 2012,6.0.7309.0,31bf3856ad364e35,Microsoft.Windows.DHCPServer.2012.Server,Microsoft Windows Server DHCP 2012,Microsoft.Windows.DHCPServer.2012,Microsoft Windows Server DHCP 2012,Microsoft Windows Server DHCP 2012,6.0.7309.0,31bf3856ad364e35,DS3,NA,NA,NA,NA,NA,This discovery rule populates the 80 to 90 Percent DHCP 2012 IPV4 and IPV6 Scopes installations.
ignore,,,,Microsoft.Windows.DHCPServer.2012.Scopes.WithPagingDiscovery60to70PercentScopes,DHCP 2012 Scopes Discovery With Paging (60 to 70 Percent),Discovery,TRUE,NA,FALSE,Discovery,Microsoft.Windows.DHCPServer.2012,Microsoft Windows Server DHCP 2012,Microsoft Windows Server DHCP 2012,6.0.7309.0,31bf3856ad364e35,Microsoft.Windows.DHCPServer.2012.Server,Microsoft Windows Server DHCP 2012,Microsoft.Windows.DHCPServer.2012,Microsoft Windows Server DHCP 2012,Microsoft Windows Server DHCP 2012,6.0.7309.0,31bf3856ad364e35,DS3,NA,NA,NA,NA,NA,This discovery rule populates the 60 to 70 Percent DHCP 2012 IPV4 and IPV6 Scopes installations.
ignore,,,,Microsoft.Windows.DHCPServer.2012.Database.Discovery,DHCP 2012 Database Discovery,Discovery,TRUE,NA,FALSE,Discovery,Microsoft.Windows.DHCPServer.2012,Microsoft Windows Server DHCP 2012,Microsoft Windows Server DHCP 2012,6.0.7309.0,31bf3856ad364e35,Microsoft.Windows.DHCPServer.2012.Server,Microsoft Windows Server DHCP 2012,Microsoft.Windows.DHCPServer.2012,Microsoft Windows Server DHCP 2012,Microsoft Windows Server DHCP 2012,6.0.7309.0,31bf3856ad364e35,DS,NA,NA,NA,NA,NA,This discovery rule populates the DHCP 2012 Database installations.
ignore,,,,Microsoft.Windows.DHCPServer.2012.Scopes.WithPagingDiscovery70to80PercentScopes,DHCP 2012 Scopes Discovery With Paging (70 to 80 Percent),Discovery,TRUE,NA,FALSE,Discovery,Microsoft.Windows.DHCPServer.2012,Microsoft Windows Server DHCP 2012,Microsoft Windows Server DHCP 2012,6.0.7309.0,31bf3856ad364e35,Microsoft.Windows.DHCPServer.2012.Server,Microsoft Windows Server DHCP 2012,Microsoft.Windows.DHCPServer.2012,Microsoft Windows Server DHCP 2012,Microsoft Windows Server DHCP 2012,6.0.7309.0,31bf3856ad364e35,DS3,NA,NA,NA,NA,NA,This discovery rule populates the 70 to 80 Percent DHCP 2012 IPV4 and IPV6 Scopes installations.
ignore,,,,Microsoft.Windows.DHCPServer.2012.Populate.Group.IPv6Scopes,DHCP 2012 IPV6 Scopes Group Populator,Discovery,TRUE,NA,FALSE,Discovery,Microsoft.Windows.DHCPServer.2012,Microsoft Windows Server DHCP 2012,Microsoft Windows Server DHCP 2012,6.0.7309.0,31bf3856ad364e35,Microsoft.Windows.DHCPServer.2012.Group.IPv6Scopes,DHCP 2012 IPv6 Scopes,Microsoft.Windows.DHCPServer.2012,Microsoft Windows Server DHCP 2012,Microsoft Windows Server DHCP 2012,6.0.7309.0,31bf3856ad364e35,Microsoft.Windows.DHCPServer.2012.Module,NA,NA,NA,NA,NA,This discovery rule populates the DHCP 2012 IPV6 Scopes Group with all discovered DHCP 2012 IPV6 Scopes Installations
