KEEP,CATA,CATB,CATC,WORKFLOW_NAME,WORKFLOW_DISPLAYNAME,WORKFLOW_TYPE,ENABLED,GENERATE_ALERT,HAS_OVERRIDE,CATEGORY,WORKFLOW_MP_NAME,WORKFLOW_MP_DISPLAYNAME,WORKFLOW_MP_FRIENDLYNAME,WORKFLOW_MP_VERSION,WORKFLOW_MP_KEYTOKEN,CLASS_NAME,CLASS_DISPLAYNAME,CLASS_MP_NAME,CLASS_MP_DISPLAYNAME,CLASS_MP_FRIENDLYNAME,CLASS_MP_VERSION,CLASS_MP_KEYTOKEN,DATASOURCE,CLASSIFICATION,ALERT_NAME,ALERT_PRIORITY,ALERT_SEVERITY,MONITOR_TYPE,DESCRIPTION
review,,,,Microsoft.Windows.DHCPServer.2012.R2.SuperScope.IPV4.CollectAddressesInUse,Collect DHCP Server 2012 R2 Super Scopes Addresses In Use,Rule,FALSE,FALSE,TRUE,PerformanceCollection,Microsoft.Windows.DHCPServer.2012.R2,Microsoft Windows Server DHCP 2012 R2,Microsoft Windows Server DHCP 2012 R2,6.0.7309.0,31bf3856ad364e35,Microsoft.Windows.DHCPServer.Library.Superscope,DHCP Superscope,Microsoft.Windows.DHCPServer.Library,Microsoft Windows Server DHCP Library,Microsoft Windows Server DHCP Library,10.1.0.1,31bf3856ad364e35,Microsoft.Windows.DHCPServer.2012.R2.FilteredSuperScopeStats.DS,,,,,NA,Collect the number of addresses in use of the super scope
review,,,,Microsoft.Windows.DHCPServer.2012.R2.SuperScope.IPV4.CollectFreeAddresses,Collect DHCP Server 2012 R2 Super Scopes Free Addresses,Rule,FALSE,FALSE,TRUE,PerformanceCollection,Microsoft.Windows.DHCPServer.2012.R2,Microsoft Windows Server DHCP 2012 R2,Microsoft Windows Server DHCP 2012 R2,6.0.7309.0,31bf3856ad364e35,Microsoft.Windows.DHCPServer.Library.Superscope,DHCP Superscope,Microsoft.Windows.DHCPServer.Library,Microsoft Windows Server DHCP Library,Microsoft Windows Server DHCP Library,10.1.0.1,31bf3856ad364e35,Microsoft.Windows.DHCPServer.2012.R2.FilteredSuperScopeStats.DS,,,,,NA,Collect the number of free addresses in the super scope
no,,,,Microsoft.Windows.DHCPServer.2012.R2.Policy.FailOver.PacketDrop,DHCP Server 2012 R2 Policy Drop Packets in Fail Over Monitoring Rule,Rule,TRUE,TRUE,FALSE,Custom,Microsoft.Windows.DHCPServer.2012.R2,Microsoft Windows Server DHCP 2012 R2,Microsoft Windows Server DHCP 2012 R2,6.0.7309.0,31bf3856ad364e35,Microsoft.Windows.DHCPServer.2012.R2.Server,Microsoft Windows Server DHCP 2012 R2,Microsoft.Windows.DHCPServer.2012.R2,Microsoft Windows Server DHCP 2012 R2,Microsoft Windows Server DHCP 2012 R2,6.0.7309.0,31bf3856ad364e35,System.ApplicationLog.GenericCSVLog.FilteredEventProvider System.ApplicationLog.GenericCSVLog.FilteredEventProvider,,DHCP Server 2012 R2 Policy Drop Packets in Fail Over Monitoring Alert,Medium,Critical,NA,Alert when policy drop packets events are inserted in DHCP log
ignore,,,,Microsoft.Windows.DHCPServer.2012.R2.Group.DependsOn.DHCPServers.Availability,Microsoft Windows Server DHCP 2012 R2 Servers Availability,Monitor,TRUE,FALSE,FALSE,AvailabilityHealth,Microsoft.Windows.DHCPServer.2012.R2,Microsoft Windows Server DHCP 2012 R2,Microsoft Windows Server DHCP 2012 R2,6.0.7309.0,31bf3856ad364e35,Microsoft.Windows.DHCPServer.2012.R2.Group.Servers,DHCP 2012 R2 Servers,Microsoft.Windows.DHCPServer.2012.R2,Microsoft Windows Server DHCP 2012 R2,Microsoft Windows Server DHCP 2012 R2,6.0.7309.0,31bf3856ad364e35,NA,DependencyMonitor,,,,,A dependency monitor to see health from Windows DHCP 2012 R2 Servers.
review,,,,Microsoft.Windows.DHCPServer.2012.R2.SuperScope.IPV4.AddressesAvailable.Percentage.Monitor,DHCP Server 2012 R2 Super Scope Addresses Available Percentage Monitor,Monitor,FALSE,TRUE,TRUE,StateCollection,Microsoft.Windows.DHCPServer.2012.R2,Microsoft Windows Server DHCP 2012 R2,Microsoft Windows Server DHCP 2012 R2,6.0.7309.0,31bf3856ad364e35,Microsoft.Windows.DHCPServer.Library.Superscope,DHCP Superscope,Microsoft.Windows.DHCPServer.Library,Microsoft Windows Server DHCP Library,Microsoft Windows Server DHCP Library,10.1.0.1,31bf3856ad364e35,NA,UnitMonitor,DHCP Server 2012 R2 Super Scope Percentage of Available Addresses are Low,Medium,Critical,Microsoft.Windows.DHCPServer.2012.R2.SuperScopes.Utilization.MonitorType,This monitor alerts when the percentage of free addresses for the specified super scope fall below the defined threshold
ignore,,,,Microsoft.Windows.DHCPServer.2012.R2.Populate.Group.IPv4Scopes,DHCP 2012 R2 IPV4 Scopes Group Populator,Discovery,TRUE,NA,FALSE,Discovery,Microsoft.Windows.DHCPServer.2012.R2,Microsoft Windows Server DHCP 2012 R2,Microsoft Windows Server DHCP 2012 R2,6.0.7309.0,31bf3856ad364e35,Microsoft.Windows.DHCPServer.2012.R2.Group.IPv4Scopes,DHCP 2012 R2 IPv4 Scopes,Microsoft.Windows.DHCPServer.2012.R2,Microsoft Windows Server DHCP 2012 R2,Microsoft Windows Server DHCP 2012 R2,6.0.7309.0,31bf3856ad364e35,GroupPopulatorDS,NA,NA,NA,NA,NA,This discovery rule populates the DHCP 2012 R2 IPV4 Scopes Group with all discovered DHCP 2012 R2 IPV4 Scopes Installations
ignore,,,,Microsoft.Windows.DHCPServer.2012.R2.FailoverServerWatcher.Discovery,DHCP 2012 R2 Failover Server Relationships Discovery Data Source,Discovery,TRUE,NA,FALSE,Discovery,Microsoft.Windows.DHCPServer.2012.R2,Microsoft Windows Server DHCP 2012 R2,Microsoft Windows Server DHCP 2012 R2,6.0.7309.0,31bf3856ad364e35,Microsoft.Windows.DHCPServer.2012.R2.Server,Microsoft Windows Server DHCP 2012 R2,Microsoft.Windows.DHCPServer.2012.R2,Microsoft Windows Server DHCP 2012 R2,Microsoft Windows Server DHCP 2012 R2,6.0.7309.0,31bf3856ad364e35,DS4,NA,NA,NA,NA,NA,This discovery rule populates the DHCP 2012 R2 Failover Server Relationships instances.
ignore,,,,Microsoft.Windows.DHCPServer.2012.R2.Populate.Group.FailoverServerWatchersGroup,DHCP 2012 R2 Failover Server Relationships Group Populator,Discovery,TRUE,NA,FALSE,Discovery,Microsoft.Windows.DHCPServer.2012.R2,Microsoft Windows Server DHCP 2012 R2,Microsoft Windows Server DHCP 2012 R2,6.0.7309.0,31bf3856ad364e35,Microsoft.Windows.DHCPServer.2012.R2.FailoverServerWatchersGroup,Microsoft Windows DHCP Server 2012 R2 Failover Relationship Group,Microsoft.Windows.DHCPServer.2012.R2,Microsoft Windows Server DHCP 2012 R2,Microsoft Windows Server DHCP 2012 R2,6.0.7309.0,31bf3856ad364e35,Microsoft.Windows.DHCPServer.2012.Module.FailoverServerWatchersGroup,NA,NA,NA,NA,NA,This discovery rule populates the DHCP 2012 R2 Failover Server Relationships Group with all discovered DHCP 2012 R2 Failover Server Relationships
ignore,,,,Microsoft.Windows.DHCPServer.2012.R2.Server.Discovery,DHCP 2012 R2 Server Discovery Data Source,Discovery,TRUE,NA,FALSE,Discovery,Microsoft.Windows.DHCPServer.2012.R2,Microsoft Windows Server DHCP 2012 R2,Microsoft Windows Server DHCP 2012 R2,6.0.7309.0,31bf3856ad364e35,Microsoft.Windows.Server.2012.R2.Computer,Windows Server 2012 R2 Computer,Microsoft.Windows.Server.2012.R2.Discovery,Windows Server 2012 R2 Operating System (Discovery),Microsoft Windows Server 2012 R2 Discovery MP,6.0.7326.0,31bf3856ad364e35,DS,NA,NA,NA,NA,NA,This discovery rule populates the DHCP 2012 R2 Server instances.
ignore,,,,Microsoft.Windows.DHCPServer.2012.R2.Populate.Group.IPv6Scopes,DHCP 2012 R2 IPV6 Scopes Group Populator,Discovery,TRUE,NA,FALSE,Discovery,Microsoft.Windows.DHCPServer.2012.R2,Microsoft Windows Server DHCP 2012 R2,Microsoft Windows Server DHCP 2012 R2,6.0.7309.0,31bf3856ad364e35,Microsoft.Windows.DHCPServer.2012.R2.Group.IPv6Scopes,DHCP 2012 R2 IPv6 Scopes,Microsoft.Windows.DHCPServer.2012.R2,Microsoft Windows Server DHCP 2012 R2,Microsoft Windows Server DHCP 2012 R2,6.0.7309.0,31bf3856ad364e35,GroupPopulatorDS,NA,NA,NA,NA,NA,This discovery rule populates the DHCP 2012 R2 IPV6 Scopes Group with all discovered DHCP 2012 R2 IPV6 Scopes Installations
ignore,,,,Microsoft.Windows.DHCPServer.2012.R2.Populate.Group.SuperScopes,DHCP 2012 R2 Super Scope Group Populator,Discovery,TRUE,NA,FALSE,Discovery,Microsoft.Windows.DHCPServer.2012.R2,Microsoft Windows Server DHCP 2012 R2,Microsoft Windows Server DHCP 2012 R2,6.0.7309.0,31bf3856ad364e35,Microsoft.Windows.DHCPServer.2012.R2.Group.Superscopes,DHCP 2012 R2 Super Scopes,Microsoft.Windows.DHCPServer.2012.R2,Microsoft Windows Server DHCP 2012 R2,Microsoft Windows Server DHCP 2012 R2,6.0.7309.0,31bf3856ad364e35,GroupPopulatorDS,NA,NA,NA,NA,NA,This discovery rule populates the DHCP 2012 R2 Super Scope Group with all discovered DHCP 2012 R2 Super Scopes
ignore,,,,Microsoft.Windows.DHCPServer.2012.R2.Populate.Group.Servers,DHCP 2012 R2 Servers Group Populator,Discovery,TRUE,NA,FALSE,Discovery,Microsoft.Windows.DHCPServer.2012.R2,Microsoft Windows Server DHCP 2012 R2,Microsoft Windows Server DHCP 2012 R2,6.0.7309.0,31bf3856ad364e35,Microsoft.Windows.DHCPServer.2012.R2.Group.Servers,DHCP 2012 R2 Servers,Microsoft.Windows.DHCPServer.2012.R2,Microsoft Windows Server DHCP 2012 R2,Microsoft Windows Server DHCP 2012 R2,6.0.7309.0,31bf3856ad364e35,Microsoft.Windows.DHCPServer.2012.R2.Module,NA,NA,NA,NA,NA,This discovery rule populates the DHCP 2012 R2 Server Group with all discovered DHCP 2012 R2 servers
ignore,,,,Microsoft.Windows.DHCPServer.2012.R2.ClusterServer.Discovery,DHCP Cluster 2012 R2 Server Discovery Data Source,Discovery,TRUE,NA,FALSE,Discovery,Microsoft.Windows.DHCPServer.2012.R2,Microsoft Windows Server DHCP 2012 R2,Microsoft Windows Server DHCP 2012 R2,6.0.7309.0,31bf3856ad364e35,Microsoft.Windows.Cluster.VirtualServer,Virtual Server,Microsoft.Windows.Cluster.Library,Windows Cluster Library,Windows Cluster Management,7.0.8437.17,31bf3856ad364e35,DS,NA,NA,NA,NA,NA,This discovery rule populates the DHCP Cluster 2012 R2 Server instances.
